,comments,down,favs,hl,mall,neat_title,pid,tag,up,NPS
0,9,3,2,免购置税、万元置换礼包、首年车险补贴、1460元礼包,易车,VOLVO 沃尔沃 S60L 线上专享优惠,8388789,购车必看,2,-20.0
1,8,6,0,千元音乐礼包、易车1460元礼包,易车,CHERY 奇瑞 瑞虎7 线上专享补贴,8388780,购车必看,30,66.66666666666666
2,26,18,7,购车直减10000元、赢取iPhone X,车享,别克 君威 2017款 30H 精英型,8388655,NULL,23,12.195121951219512
3,8,10,6,赢5折购车机会,易车,五菱宝骏 1212 冰点购车节 ,8385500,购车必看,21,35.483870967741936
4,474,338,74,基准版44.8万起（补贴前）,NIO中国官网,NIO 蔚来 ES8 中大型纯电动SUV,8384763,新车上市,367,4.113475177304964
5,43,65,8,车价立减2000元，商业险补贴4500元,车享,MG ZS小型SUV,8380377,NULL,17,-58.536585365853654
6,36,51,9,2年0利率、首付低至1.6万、1460元礼包,易车,GEELY 吉利 帝豪GS 线上专享优惠,8380372,购车必看,16,-52.23880597014925
7,72,8,7,千元音乐礼包、1460元易车礼包,易车,CHERY 奇瑞 艾瑞泽5 线上专享购车补贴,8380327,购车必看,74,80.48780487804879
8,19,17,3,1460元购车礼包、300元现金优惠,易车,长安 CS55 线上专享优惠,8378360,购车必看,19,5.555555555555555
9,14,17,5,666元购车现金券,易车,Jeep 指南者 线上专享优惠,8377176,购车必看,8,-36.0
10,229,46,64,28.88-42.88万元,天猫精选,捷豹 XEL 加长中级豪华车,8377270,新车上市,181,59.471365638766514
11,95,6,71,抢3年体验权、4530元购置税优惠、1530元车款优惠,易车,宝骏 530 全新紧凑型SUV,8366105,新车预售,167,93.0635838150289
12,20,5,4,2000元现金优惠、1200元京东卡,易车,驭胜 S330 线上专享优惠,8371867,购车必看,15,50.0
13,12,24,6,1200元京东卡、4999元购车基金,易车,启辰 T70 紧凑型SUV,8368269,NULL,8,-50.0
14,90,19,32,车价立减35000元、赢取iPhone X,车享,BUICK 别克 威朗 自动车享版,8323263,NULL,77,60.416666666666664
15,63,11,29,购Levante低至零利息！,玛莎拉蒂中国官网,玛莎拉蒂金融政策全解读,8367825,按揭购车,182,88.60103626943005
16,39,14,7,2000元现金红包、1000元油卡,易车,广汽三菱 劲炫 线上专享优惠,8366052,购车必看,16,6.666666666666667
17,4,3,1,$4.33（约28.68元）,美国亚马逊,白菜！GILA防紫外线汽车隔热膜  $4.33（转运到手约￥66）,8367815,NULL,3,0.0
18,37,74,7,666元购车现金券,易车,Jeep 自由侠 线上专享优惠,8366003,购车必看,16,-64.44444444444444
19,29,13,19,50%购置税补贴、10000元保险补贴、1460元礼包,易车,VOLVO 沃尔沃 S90 线上专享优惠,8360322,购车必看,39,50.0
20,44,6,4,千元音乐礼包、1460元易车礼包,易车,CHERY 奇瑞 瑞虎5X 线上专享优惠,8360278,购车必看,39,73.33333333333333
21,36,6,15,4999元购车基金,易车,五菱 宏光S3 线上专享优惠,8360182,购车必看,186,93.75
22,31,5,5,千元音乐礼包、易车1460元礼包,易车,CHERY 奇瑞 瑞虎7 线上专享补贴,8351856,购车必看,92,89.69072164948454
23,79,25,15,31000元车款优惠、赢取iPhone X,车享,Jeep 自由光 中型SUV,8351522,NULL,40,23.076923076923077
24,9,8,2,免购置税、万元置换礼包、首年车险补贴、1460元礼包,易车,VOLVO 沃尔沃 S60L 线上专享优惠,8351665,购车必看,24,50.0
25,0,0,0,220元,天猫精选,NFA纽福克斯车载逆变器12V转220V 500W 转换器7964NB,8353220,NULL,0,
26,4,12,7,6460元礼包、1000元油卡、再赢iPhone8,易车,上汽大众 全新途安L 线上专享优惠,8351233,购车必看,7,-26.31578947368421
27,0,2,0,299元包邮,聚划算,BLACK VIEW 凌度 F8 行车记录仪,8346295,NULL,0,-100.0
28,17,10,16,车价立减5000元，商业险补贴4500元,车享,MG ZS小型SUV,8345016,NULL,25,42.857142857142854
29,9,3,3,500元车款优惠,易车,宝骏 510 线上专享优惠,8338379,购车必看,27,80.0
30,0,0,5,59元,苏宁易购,Mobil 美孚 金装1号 EP 增强版 5W-30 全合成润滑油 946ml,8344453,NULL,0,
31,2,8,1,置换礼，分期0利息、1460元礼包,易车,VOLVO 沃尔沃 V60 线上专享优惠,8338341,购车必看,5,-23.076923076923077
32,9,22,8,15760元礼包、再赢手机、行车记录仪,易车,上汽大众 途观L 线上专享补贴,8338255,购车必看,11,-33.33333333333333
33,12,14,1,1460元购车礼包、300元现金优惠,易车,长安 CS55 线上专享优惠,8333043,购车必看,23,24.324324324324326
34,12,13,4,免购置税、万元置换礼包、1460元易车礼包,易车,沃尔沃 XC60 线上专享补贴,8332932,购车必看,22,25.71428571428571
35,31,26,8,1000元现金红包、18期0利率、500元车款立减,易车,宝骏 560 线上专享优惠,8315584,购车必看,8,-52.94117647058824
36,47,16,11,50%购置税补贴、10000元保养补贴、1460元礼包,易车,VOLVO 沃尔沃 XC90 线上专享优惠,8315566,购车必看,41,43.859649122807014
37,14,18,1,2000元现金优惠、1200元京东卡,易车,驭胜 S330 线上专享优惠,8315103,购车必看,10,-28.57142857142857
38,11,2,2,千元音乐礼包、1460元易车礼包,易车,奇瑞 艾瑞泽7 线上专享补贴 ,8315059,购车必看,28,86.66666666666667
39,57,9,31,置换补贴、送车顶行李架、1460元礼包,易车,VOLVO 沃尔沃 V90 Cross Country 线上专享优惠,8314525,购车必看,70,77.21518987341773
40,24,6,2,千元音乐礼包、1460元易车礼包,易车,CHERY 奇瑞 艾瑞泽5 线上专享购车补贴,8312803,购车必看,65,83.09859154929578
41,14,4,2,试驾送T恤、2000订金抵4000车款,易车,宝骏 310 wagon 手动豪华版 线上专享优惠,8312730,购车必看,27,74.19354838709677
42,24,40,14,31000元车款优惠、赢取iPhone X等,车享,Jeep 自由光 线上专享优惠 ,8307683,购车必看,23,-26.984126984126984
43,42,5,8,千元音乐礼包、1460元易车礼包,易车,CHERY 奇瑞 瑞虎5X 线上专享优惠,8306204,购车必看,66,85.91549295774648
44,51,12,19,2年0利率、首付低至1.6万、1460元礼包,易车,GEELY 吉利 帝豪GS 线上专享优惠,8306132,购车必看,45,57.89473684210527
45,18,8,3,50%购置税补贴、置换礼包、分期0利息、1460元礼包,易车,VOLVO 沃尔沃 V40 线上专享优惠,8306089,购车必看,15,30.434782608695656
46,71,13,24,50%购置税补贴、10000元保险补贴、1460元礼包,易车,VOLVO 沃尔沃 S90 线上专享优惠,8299795,购车必看,90,74.75728155339806
47,16,27,1,300元优惠,易车,长安 CS75 线上专享优惠,8299690,购车必看,9,-50.0
48,6,9,1,2000元现金优惠,易车,驭胜S350 线上专享优惠,8299565,购车必看,5,-28.57142857142857
49,10,0,3,279元,京东,盯盯拍 mini2 行车记录仪,8296460,NULL,1,100.0
50,40,8,14,500元车款优惠,易车,宝骏 510 线上专享优惠,8291706,购车必看,28,55.55555555555556
51,20,6,4,置换礼，分期0利息、1460元礼包,易车,VOLVO 沃尔沃 V60 线上专享优惠,8291650,购车必看,24,60.0
52,2,0,0,38元（需用券）,聚划算,solam 索浪 车载MP3播放器 汽车蓝牙接收器 车载充电器,8294317,NULL,0,
53,9,52,11,15760元礼包、再赢手机、行车记录仪,易车,上汽大众 途观L 线上专享补贴,8291604,购车必看,15,-55.223880597014926
54,85,12,8,3000元购车礼,保时捷中国官网,Porsche 保时捷 Panamera 线上专享优惠,8277858,杭州车源,384,93.93939393939394
55,23,17,8,1460元购车礼包、300元现金优惠,易车,长安 CS55 线上专享优惠,8283602,购车必看,20,8.108108108108109
56,11,17,5,1000元现金优惠、送3次基础保养,易车,一汽奔腾 X40 小型SUV,8283520,购车必看,20,8.108108108108109
57,89,45,7,购车立减1000元车款,易车,东风标致 4008 线上专享优惠,8283552,购车必看,34,-13.924050632911392
58,27,34,9,12060元礼包、行车记录仪,易车,上汽大众 Polo GTI GP 线上专享补贴,8283491,购车必看,10,-54.54545454545454
59,156,18,62,可享1年0利率金融方案,天猫精选,玛莎拉蒂Levante经典版 售88.8万,8272967,NULL,421,91.79954441913439
60,28,14,21,试驾送T恤、2000订金抵4000车款,易车,宝骏 310 wagon 手动豪华版 线上专享优惠,8278422,购车必看,25,28.205128205128204
61,99,75,25,18060元礼包、赢行车记录仪,易车,上汽大众 途昂 中大型SUV 线上专享优惠,8280393,购车必看,36,-35.13513513513514
62,0,1,4,多种方案可选,一汽-大众奥迪官网,Audi 奥迪 金融政策,8277859,购车必看,0,-100.0
63,26,4,6,1460元购车礼包、18期0利率金融方案,易车,GEELY 吉利 博瑞 线上专享优惠,8277560,购车必看,33,78.37837837837837
64,0,0,2,1160元,天猫精选,英得尔车载冰箱源自欧洲可达-18℃德国压缩机制冷车家两用冰箱H12,8277846,NULL,2,100.0
65,25,16,6,置换礼包，分期0利息、2000元油卡,易车,VOLVO 沃尔沃 V60 线上专享优惠,8267363,购车必看,24,20.0
66,218,29,93,2028000元,保时捷中国官网,Porsche 保时捷 911 GT3,8272362,高端秀,1547,96.31979695431471
67,29,14,5,2000元油卡、1460元礼包,易车,上汽 MG6 全新名爵6 线上专享优惠,8267125,购车必看,48,54.83870967741935
68,97,13,8,5000元置换补贴、优先提车、500元油卡,易车,广汽本田 冠道 线上专享优惠,8267141,限地区,46,55.932203389830505
69,63,9,33,置换补贴、送车顶行李架、2000元油卡,易车,VOLVO 沃尔沃 V90 Cross Country 线上专享优惠,8265509,购车必看,100,83.4862385321101
70,34,28,6,1000元现金优惠、1111元京东卡,易车,Jeep 指南者 线上专享优惠,8265487,购车必看,25,-5.660377358490567
71,33,14,5,4000元礼包、1000元油卡,易车,上汽大众 全新途安L 线上专享优惠,8265464,购车必看,22,22.22222222222222
72,28,5,6,​购车礼包,保时捷中国官网,保时捷 Macan Cayenne 线上专享优惠,8165442,上海浦西,96,90.0990099009901
73,847,182,279,15.88-20.28万,什么值得买,LYNK &amp; CO 领克01 全新紧凑型SUV,8258077,新车上市,1112,71.87017001545595
74,35,13,14,50%购置税补贴、10000元保养补贴、2000元油卡,易车,VOLVO 沃尔沃 XC90 线上专享优惠,8257365,购车必看,76,70.78651685393258
75,31,60,19,1元抽整车,易车,五菱 宏光S3 线上专享优惠,8258016,购车必看,61,0.8264462809917356
76,11,5,6,8888元购车优惠、2000元现金红包,易车,驭胜 S330 线上专享优惠,8257773,购车必看,11,37.5
77,1,1,1,48元（需用券）,天猫精选,香百年 汽车香水,8256365,NULL,0,-100.0
78,0,0,1,$61.19（约404.68元）,美国亚马逊,史低价：Graco My Ride 65 儿童汽车座椅,8255529,NULL,0,
79,46,92,8,1111元购车券、1000元现金优惠,易车,Jeep 自由侠 线上专享优惠,8249920,购车必看,11,-78.64077669902912
80,4,5,3,1000元购车红包、半价车,易车,广汽传祺 GA6 线上专享优惠,8249792,购车必看,7,16.666666666666664
81,6,2,9,2000元现金优惠、半价车、1000元油卡,易车,广汽三菱 劲炫 线上专享优惠,8249675,购车必看,14,75.0
82,18,20,11,抢半价车,易车,宝骏 510 线上专享优惠,8241552,购车必看,13,-21.21212121212121
83,32,13,5,1000元现金优惠、1700元礼包,易车,RENAULT 雷诺 科雷傲 线上专享优惠,8241539,购车必看,10,-13.043478260869565
84,44,56,14,抢半价车,易车,宝骏 560 线上专享优惠,8241505,购车必看,23,-41.77215189873418
85,142,1,76,2017年10月,什么值得买,MPV销量与价格优惠排行榜,8221490,车榜单,37,94.73684210526315
86,32,11,14,7000元置换补贴,易车,本田 雅阁锐·混动 线上专享优惠,8234278,限地区,27,42.10526315789473
87,6,1,4,$219.99（约1455.56元）,美国亚马逊,Britax 百代适 Marathon ClickTight ARB 防反弹双向汽车安全座椅,8236893,NULL,2,33.33333333333333
88,254,6,106,2017年10月,什么值得买,SUV销量与价格优惠排行,8215023,车榜单,36,71.42857142857143
89,17,10,2,最高享7万元优惠、全新途安L使用权,易车,上汽大众 PHIDEON 辉昂 线上专享优惠,8230948,购车必看,6,-25.0
90,8,11,5,抢半价车,易车,长安 CS55 线上专享优惠,8230872,购车必看,7,-22.22222222222222
91,11,14,7,50%购置税补贴,易车,VOLVO 沃尔沃 S90 线上专享优惠,8230813,购车必看,19,15.151515151515152
92,1,0,0,2580元,亚马逊中国,Britax 宝得适 儿童安全座椅 双面骑士 Dualfix（送车载冰箱，汽车坐垫凉席）,8231603,NULL,4,100.0
93,53,15,14,平均优惠5.75万元,什么值得买,Audi 奥迪 A4L 豪华中级车,8230041,购车必看,29,31.818181818181817
94,16,5,6,购车礼包,保时捷中国官网,Porsche 保时捷 多款车型线上专享优惠,8166678,广州车源,113,91.52542372881356
95,1,0,3,38元（需用券）,天猫精选,solam 索浪 车载MP3播放器 汽车蓝牙接收器 车载充电器,8225878,NULL,0,
96,570,5,179,IMAX VR观影券获奖名单公布,什么值得买,轿车销量与价格优惠排行 2017年10月,8217190,车榜单,99,90.38461538461539
97,15,12,5,终身免费保养、分期0利息,易车,东南 DX7 线上专享优惠,8221381,购车必看,17,17.24137931034483
98,13,18,6,4000元礼包、16600元金融礼包,易车,上汽大众 途观L 线上专享补贴,8221336,购车必看,13,-16.129032258064516
99,45,19,6,5000元置换补贴、优先提车、500元油卡,易车,广汽本田 冠道 线上专享优惠,8221244,限地区,18,-2.7027027027027026
100,5,4,3,置换礼包，分期0利息、2000元油卡,易车,VOLVO 沃尔沃 V60 线上专享优惠,8221173,购车必看,24,71.42857142857143
101,19,11,9,2000元油卡、1460元礼包,易车,上汽 MG6 全新名爵6 线上专享优惠,8220999,购车必看,24,37.142857142857146
102,4,8,6,1050元现金红包、半价车、2年0利率,易车,广汽传祺 GS4 线上专享优惠,8220935,购车必看,4,-33.33333333333333
103,18,24,5,4000元礼包、1000元油卡,易车,上汽大众 全新途安L 线上专享优惠,8214507,购车必看,19,-11.627906976744185
104,20,7,8,1元抽整车,易车,五菱 宏光S3 线上专享优惠,8214341,购车必看,65,80.55555555555556
105,47,7,18,置换补贴、送车顶行李架、2000元油卡,易车,VOLVO 沃尔沃 V90 Cross Country 线上专享优惠,8214152,购车必看,57,78.125
106,7,11,2,500元现金优惠、18期0利率,易车,宝骏 730 线上专享优惠,8214011,购车必看,2,-69.23076923076923
107,19,15,6,1000元现金优惠、1111元京东卡,易车,Jeep 指南者 线上专享优惠,8213398,购车必看,21,16.666666666666664
108,10,6,1,8888元购车优惠、2000元现金红包,易车,驭胜 S330 线上专享优惠,8213036,购车必看,7,7.6923076923076925
109,33,7,18,500元现金优惠,易车,五菱 宏光S/S1 线上专享优惠,8202021,购车必看,115,88.52459016393442
110,65,27,6,1111元购车券、1000元现金优惠,易车,Jeep 自由侠 线上专享优惠,8202198,购车必看,20,-14.893617021276595
111,11,12,3,1000元加油卡、半价车,易车,BMW 宝马 2系 旅行车 线上专享优惠,8202151,购车必看,6,-33.33333333333333
112,38,9,14,半价车,易车,宝骏 310 wagon 线上专享优惠,8201468,购车必看,53,70.96774193548387
113,31,10,7,2000元现金优惠、半价车、1000元油卡,易车,广汽三菱 劲炫 线上专享优惠,8208437,购车必看,28,47.368421052631575
114,29,5,8,50%购置税补贴、10000元保养补贴、2000元油卡,易车,VOLVO 沃尔沃 XC90 线上专享优惠,8201302,购车必看,24,65.51724137931035
115,143,26,25,最高2万元金融贴息,天猫精选,玛莎拉蒂 Levante 经典版,8202842,新车上市,637,92.15686274509804
116,43,4,27,抢半价车,易车,宝骏 310 线上专享补贴,8201552,购车必看,44,83.33333333333334
117,45,8,13,免购置税,易车,VOLVO 沃尔沃 S60L 线上专享优惠,8200475,购车必看,31,58.97435897435898
118,59,39,8,4000元专享礼包,易车,上汽大众 途昂 中大型SUV 线上专享优惠,8200440,购车必看,22,-27.86885245901639
119,36,7,18,5000元购车礼包,易车,BMW 宝马 3系 线上专享优惠,8200398,购车必看,24,54.83870967741935
120,15,6,15,抢半价车,易车,宝骏 510 线上专享优惠,8200363,购车必看,17,47.82608695652174
121,231,31,33,3000元购车礼,保时捷中国官网,Porsche 保时捷 Panamera 线上专享优惠,8166539,杭州车源,869,93.11111111111111
122,8,7,4,1000元购车红包、半价车,易车,广汽传祺 GA6 线上专享优惠,8200153,购车必看,8,6.666666666666667
123,25,18,8,抢半价车,易车,宝骏 560 线上专享优惠,8182375,购车必看,64,56.09756097560976
124,81,16,11,最高享1000元现金优惠,易车,RENAULT 雷诺 科雷傲 线上专享优惠,8182344,购车必看,43,45.76271186440678
125,92,17,29,7000元置换补贴,易车,本田 雅阁锐·混动 线上专享优惠,8170905,限地区,104,71.900826446281
126,126,60,14,1050元现金红包、半价车,易车,广汽传祺 GS4 线上专享优惠,8182191,购车必看,42,-17.647058823529413
127,139,35,12,2000元油卡、1460元礼包,易车,上汽 MG6 全新名爵6 线上专享优惠,8182058,购车必看,84,41.17647058823529
128,14,25,9,下单购车享置换礼包，分期0利息！再送2000元油卡,易车,VOLVO 沃尔沃 V60 线上专享优惠,8171130,购车必看,19,-13.636363636363635
129,47,38,6,4000元线上专享礼包、16600元金融礼包,易车,上汽大众 途观L 线上专享补贴,8171056,购车必看,22,-26.666666666666668
130,109,8,14,5000元置换补贴,易车,广汽本田 冠道 线上专享优惠,8170860,限地区,80,81.81818181818183
131,3,4,1,1元,天猫精选,Avenir车型领衔，2018款新君越 试乘试驾 尊享好礼,8190196,NULL,0,-100.0
132,107,14,40,999元购车优惠、专享超低价31.8万元起,易车,2017款 福特 野马 线上专享优惠,8182032,购车必看,111,77.60000000000001
133,165,46,51,22.98-30.98万,天猫精选,Avenir车型领衔，2018款新君越,8189828,新车上市,107,39.869281045751634
134,36,14,89,300元租车礼包（新用户专享）,悟空租车,悟空租车 新用户专享线上专享优惠,8188570,租车必看,47,54.09836065573771
135,46,15,40,1元抽整车,易车,五菱 宏光S3 线上专享优惠,8181754,购车必看,366,92.1259842519685
136,5,4,2,1300元优惠,易车,宝骏 730 线上专享购车补贴,8170825,购车必看,10,42.857142857142854
137,24,14,4,终身免费保养,易车,东南 DX7 线上专享优惠,8170777,购车必看,3,-64.70588235294117
138,38,7,18,50%购置税补贴,易车,VOLVO 沃尔沃 S90 线上专享优惠,8170738,购车必看,51,75.86206896551724
139,48,12,8,购车礼包,保时捷中国官网,保时捷 Macan Cayenne 线上专享优惠,8166651,上海闵行,125,82.48175182481752
140,27,10,6,2000元现金优惠、半价车,易车,广汽三菱 劲炫 线上专享优惠,8181620,购车必看,19,31.03448275862069
141,26,42,4,300元现金优惠、半价车,易车,长安 CS55 线上专享优惠,8181427,购车必看,4,-82.6086956521739
142,38,8,9,下单立减1000元、350元现金红包,易车,宝骏 310 wagon 线上专享优惠,8181177,购车必看,50,72.41379310344827
143,12,8,5,4000元线上专享礼包,易车,上汽大众 全新途安L 线上专享优惠,8169793,购车必看,18,38.46153846153847
144,47,7,15,50%购置税补贴,易车,VOLVO 沃尔沃 XC90 线上专享优惠,8169728,购车必看,49,75.0
145,28,44,4,300元优惠,易车,长安 CS75 线上专享优惠,8169676,购车必看,6,-76.0
146,50,58,8,8.98万-13.58万元,天猫精选,上汽 荣威RX3 全新紧凑型SUV,8177286,新车上市,28,-34.883720930232556
147,34,4,2,888000元,天猫精选,玛莎拉蒂SUV Levante 经典版天猫限量定制款,8180040,NULL,105,92.66055045871559
148,16,7,12,免购置税,易车,VOLVO 沃尔沃 S60L 线上专享优惠,8169652,购车必看,25,56.25
149,11,2,3,1000元购车优惠等,易车,宝骏560 线上专享优惠,8169451,购车必看,22,83.33333333333334
150,25,23,2,最高享7万元优惠、全新途安L使用权,易车,上汽大众 PHIDEON 辉昂 线上专享优惠,8169337,购车必看,24,2.127659574468085
151,82,23,20,购车礼、到店礼,保时捷中国官网,Porsche 保时捷 Cayenne Macan 线上专享优惠,8166328,深圳车源,198,79.18552036199095
152,134,28,19,购车礼、到店礼,保时捷中国官网,Porsche 保时捷 多款车型线上专享优惠,8164228,购车必看,449,88.25995807127882
153,46,5,21,免购置税、置换享万元礼包、2000元油卡,易车,沃尔沃 XC60 线上专享补贴,8166120,购车必看,85,88.88888888888889
154,43,19,2,1050元现金红包、GS4专属好礼、半价车,易车,广汽传祺 GS4 线上专享优惠,8166090,购车必看,15,-11.76470588235294
155,100,66,10,1000元加油卡、3000元京东E卡、购车礼包、半价车等,易车,BMW 宝马 1系 线上专享优惠,8166032,购车必看,8,-78.37837837837837
156,12,43,7,购车享万元金融礼包,易车,上汽大众 全新帕萨特 线上专享优惠,8163855,购车必看,15,-48.275862068965516
157,17,11,2,1000元加油卡,易车,BMW 宝马 2系 旅行车 线上专享优惠,8163801,购车必看,13,8.333333333333332
158,48,4,6,半价购车、下单立减1000元、350元现金红包,易车,宝骏 510 线上专享优惠,8163580,购车必看,34,78.94736842105263
159,0,0,3,5.9元（需用券）,天猫精选,汽车用后视镜小圆镜360度可调 倒车盲点无边高清广角反光辅助镜子,8159925,NULL,0,
160,46,31,13,4000元线上专享礼包、16600元金融礼包,易车,上汽大众 途观L 线上专享补贴,8145034,购车必看,46,19.480519480519483
161,25,9,10,下单购车享置换礼包，分期0利息！再送2000元油卡,易车,VOLVO 沃尔沃 V60 线上专享优惠,8144983,购车必看,20,37.93103448275862
162,20,3,10,5000元购车礼包,易车,购车必看BMW 宝马 3系 线上专享优惠,8144634,购车必看,31,82.35294117647058
163,11,3,4,最高享1.66万金融礼包,易车,上汽大众 途观L 线上专享补贴,8146242,购车必看,10,53.84615384615385
164,4,2,0,最高享3000京东卡,易车,BMW 宝马 3系 线上专享优惠 ,8145685,购车必看,6,50.0
165,16,3,7,999元购车优惠、专享超低价31.8万元起,易车,2017款 福特 野马 线上专享优惠,8145308,购车必看,18,71.42857142857143
166,6,6,3,2999元抵用券,易车,雪佛兰 探界者 线上专享优惠,8145131,购车必看,4,-20.0
167,6,3,1,最高享1000元现金优惠、半价车活动,易车,RENAULT 雷诺 科雷傲 线上专享优惠,8144468,购车必看,0,-100.0
168,15,12,13,试驾送好礼,天猫精选,BUICK 别克 GL6 MPV 线上专享优惠,8145415,购车必看,19,22.58064516129032
169,0,3,0,115元包邮,聚划算,Mobil美孚1号FS X2 5W-40 1L API SN级美孚一号全合成机油,8143165,NULL,0,-100.0
170,0,0,1,55元包邮,天猫精选,E路驰 汽车长效玻璃防雾防雨剂套装 ,8135824,双11预售,0,
171,125,9,97,5.68万-8.18万,易车,上汽通用五菱 宏光S3 7座SUV,8130499,新车上市,705,97.47899159663865
172,26,6,9,7000元置换补贴,易车,本田 雅阁锐·混动 线上专享优惠,8130303,限地区,62,82.35294117647058
173,27,25,2,4000元购车优惠,易车,大众 途锐 线上专享优惠,8129232,购车必看,8,-51.515151515151516
174,12,20,3,1111元购车券,易车,Jeep 自由侠 线上专享优惠,8128826,购车必看,8,-42.857142857142854
175,50,14,3,5000元置换补贴,易车,广汽本田 冠道 线上专享优惠,8127590,限地区,23,24.324324324324326
176,27,21,1,4476元礼包,易车,WEY VV5 线上专享优惠,8127343,购车必看,25,8.695652173913043
177,0,1,1,549元（领券）,聚划算,飞利浦车载空气净化器除烟异味甲醛智能汽车用空气净化器CP200,8129347,NULL,0,-100.0
178,72,74,15,27.18-34.18万,什么值得买,雷诺Espace进口跨界MPV,8120284,新车上市,36,-34.54545454545455
179,6,2,0,509元,聚划算,VICTON 伟力通 V6 胎压监测仪 无线外置,8123088,NULL,0,-100.0
180,13,1,15,54950元（1111元定金）,天猫精选,BYD 比亚迪 S7 SUV 1.5TI 七座尊贵型,8121330,双11预售,18,89.47368421052632
181,5,10,2,1300元优惠,易车,宝骏 730 线上专享购车补贴,8110240,购车必看,15,20.0
182,54,40,9,4476元礼包,易车,WEY VV7 线上专享优惠,8118695,购车必看,35,-6.666666666666667
183,12,4,5,终身免费保养,易车,东南 DX7 线上专享优惠,8116428,购车必看,16,60.0
184,16,7,3,50%购置税补贴,易车,VOLVO 沃尔沃 S90 线上专享优惠,8116074,购车必看,14,33.33333333333333
185,53,37,66,半价车购买资格,易车,TOYOTA 一汽丰田 RAV4 荣放,8118333,购车必看,32,-7.246376811594203
186,0,1,2,99元,聚划算,shell壳牌正品汽车防冻液水箱宝 防沸防腐蚀 -30C 4L,8113103,NULL,0,-100.0
187,20,7,13,4000元线上专享礼包,易车,上汽大众 全新途安L 线上专享优惠,8106933,购车必看,29,61.111111111111114
188,52,2,15,预约试驾抽车模,什么值得买,Cadillac 凯迪拉克 XT5 全系5万现金优惠,8108340,购车必看,34,88.88888888888889
189,15,4,11,免购置税,易车,VOLVO 沃尔沃 XC90 线上专享优惠,8106760,购车必看,53,85.96491228070175
190,17,4,2,300元优惠,易车,长安CS75 线上专享优惠,8106403,购车必看,13,52.94117647058824
191,26,3,3,1348元,聚划算,强生汽车贴膜车膜汽车膜太阳膜全车膜汽车玻璃防爆膜隔热膜车窗膜,8103396,NULL,2,-20.0
192,13,12,0,560元,聚划算,官方店正品Mobil美孚1号金装0W-40 4L+1L美孚一号全合成汽车机油,8103385,NULL,3,-60.0
193,242,22,57,免购置税,易车,VOLVO 沃尔沃 S60L 线上专享优惠,8086620,购车必看,79,56.43564356435643
194,9,3,0,1000元购车优惠等,易车,宝骏560 线上专享优惠,8086783,购车必看,16,68.42105263157895
195,10,6,5,最高享1000现金优惠、1111元京东购物卡等,易车,Jeep 吉普 线上专享优惠专场,8098031,购车必看,10,25.0
196,121,56,21,最高享7万元优惠、全新途安L使用权,易车,上汽大众 PHIDEON 辉昂 线上专享优惠,8086347,购车必看,20,-47.368421052631575
197,0,1,1,38元包邮（需用券）,天猫精选,车仆 镀膜蜡车蜡 去污上光蜡 +凑单品,8089329,NULL,0,-100.0
198,7,8,1,1050元现金红包、GS4专属好礼、半价车,易车,广汽传祺 GS4 线上专享优惠,8085913,购车必看,12,20.0
199,15,8,2,1000元加油卡、3000元京东E卡、购车礼包、半价车等,易车,BMW 宝马 1系 线上专享优惠,8085552,购车必看,15,30.434782608695656
200,22,10,5,购车享万元金融礼包,易车,上汽大众 全新帕萨特 线上专享优惠,8085369,购车必看,9,-5.263157894736842
201,3,0,0,48元,天猫精选,德国橙油汽车内饰清洗剂 顶棚真皮革座椅泡沫清洁剂室内去污用品,8085573,NULL,0,
202,318,32,59,29.99万-35.9万,凯迪拉克中国官网,Cadillac 凯迪拉克 全新一代 XTS 中大型轿车,8078353,新车上市,355,83.4625322997416
203,19,20,1,1000元加油卡,易车,BMW 宝马 2系 旅行车 线上专享优惠,8066629,购车必看,4,-66.66666666666666
204,37,4,16,下单立减1000元、350元现金红包,易车,宝骏 310 wagon,8066388,购车必看,35,79.48717948717949
205,26,5,20,半价购车、下单立减1000元、350元现金红包,易车,宝骏 510 线上专享优惠,8066268,购车必看,24,65.51724137931035
206,13,40,7,4000元线上专享礼包、全新途安L使用权、16600元金融礼包、购车礼包,易车,上汽大众 途观L 线上专享补贴,8066116,购车必看,18,-37.93103448275862
207,20,4,5,下单购车享置换礼包，分期0利息！再送2000元油卡,易车,VOLVO 沃尔沃 V60 线上专享优惠,8065948,购车必看,18,63.63636363636363
208,181,59,60,9.68万-13.28万,天猫精选,上汽 MG6 全新名爵6,8067509,新车上市,221,57.85714285714286
209,89,11,43,3000元京东卡、购车礼包、1500元加油卡、半价车等,易车,BMW 宝马 3系 线上专享优惠,8008001,购车必看,23,35.294117647058826
210,6,0,7,1元，享2000元定金翻倍,天猫精选,宝骏310W豪华型试驾 定金翻倍,8066128,NULL,9,100.0
211,23,38,71,抢半价车购买资格,易车,易车购车狂欢节 半价车专场,8049735,双11必看,11,-55.10204081632652
212,118,39,6,4000元线上专享礼包、全新途安L使用权、16600元金融礼包、购车礼包,易车,上汽大众 途昂 中大型SUV 线上专享优惠,8007974,购车必看,13,-50.0
213,0,0,0,9.9元包邮（需用券）,天猫精选,汽车用清雪铲 不伤玻璃除冰雪霜铲子,8064506,NULL,2,100.0
214,3,0,4,9.8元包邮（需用券）,聚划算,固特威 汽车轮毂喷膜（可撕）,8049658,NULL,0,
215,0,0,1,47.8元包邮（需用券）,天猫精选,CHIEF 车仆 水晶黑蜡,8033299,NULL,0,
216,0,1,1,48元包邮（需用券）,天猫精选,香百年 汽车香水,8025193,NULL,0,-100.0
217,23,2,2,1460元购车礼包、厂商礼包、2年0利率,易车,CHERY 奇瑞 艾瑞泽5 线上专享购车补贴,8007861,购车必看,27,86.20689655172413
218,0,0,0,99元,天猫精选,上汽大众 辉昂 整车新车订金优惠礼包上海大众汽车定金,8025046,NULL,2,100.0
219,2,5,9,最高享1.2万置换补贴、1200元现金优惠、1460元购车礼包、12900元金融礼包,易车,上汽大众 2016款 途安L 线上专享优惠,8007836,购车必看,9,28.57142857142857
220,57,7,4,1460元购车礼包、免购置税、置换礼包、2年0利率,易车,VOLVO 沃尔沃 XC90 线上专享优惠,8007809,购车必看,104,87.38738738738738
221,11,12,65,最高享万元优惠、半价车,易车,11.11易车购车狂欢节薅羊毛指南,8006179,购车必看,6,-33.33333333333333
222,4,1,0,49元包邮（需用券）,天猫精选,龟牌车蜡汽车蜡养护蜡上光去污防护腊抛光蜡划痕修复打蜡车用正品,8012483,NULL,0,-100.0
223,40,9,12,1460元购车礼包、2年0利率金融礼包，最低首付1.6万,易车,GEELY 吉利 帝豪GS 线上专享优惠,8005442,购车必看,33,57.14285714285714
224,20,23,0,1460元购车礼包,易车,BMW 宝马 1系 线上专享优惠,8005319,购车必看,8,-48.38709677419355
225,5,8,4,1460元购车礼包,易车,一汽大众 高尔夫 嘉旅 线上专享优惠,8005234,购车必看,10,11.11111111111111
226,13,10,1,1460元购车礼包,易车,CHERY 奇瑞 瑞虎7 线上专享补贴,7986160,购车必看,24,41.17647058823529
227,8,30,10,1460元购车礼包,易车,BMW 宝马 X1 线上专享优惠,7986126,购车必看,5,-71.42857142857143
228,0,0,2,28.8元包邮（需用券）,天猫精选,车仆 汽车防雾剂+汽车玻璃水,7999266,NULL,0,
229,12,7,6,1460元购车礼包,易车,一汽大众 高尔夫 线上专享补贴,7986093,购车必看,11,22.22222222222222
230,18,8,4,1460元购车礼包,易车,GEELY 吉利博越 线上专享优惠,7986049,购车必看,19,40.74074074074074
231,50,5,13,50%购置税补贴、3年0利率,易车,VOLVO 沃尔沃 S90 线上专享优惠,7986014,购车必看,39,77.27272727272727
232,14,6,5,1460元购车礼包,易车,一汽大众 迈腾 线上专享优惠,7985918,购车必看,20,53.84615384615385
233,2,0,2,38元（需用券）,天猫精选,固特威燃油宝8瓶装800ML,7987965,NULL,1,100.0
234,21,6,3,1460元购车礼包,易车,BMW 宝马 3系 线上专享优惠,7983049,购车必看,25,61.29032258064516
235,18,20,2,1460元购车礼包,易车,一汽大众 新速腾 线上专享优惠,7982509,购车必看,16,-11.11111111111111
236,16,23,4,1460元购车礼包、1500元安全座椅优惠券、14300元金融礼包,易车,上汽大众 途观L 线上专享补贴,7977761,购车必看,22,-2.2222222222222223
237,1,0,2,38元包邮（需用券）,天猫精选,solam 索浪 车载MP3播放器 汽车蓝牙接收器 车载充电器,7981241,NULL,0,
238,162,3,46,2017年9月 评论赢模拟飞行机会,天猫精选,MPV销量与价格优惠排行榜,7976353,车榜单,20,73.91304347826086
239,26,36,19,抽半价车购买资格,车享,别克英朗、雪佛兰科帕奇、别克威朗Health Plus定制版线上专享优惠,7975245,购车必看,6,-71.42857142857143
240,8,0,0,499抵1000 可享豪华大礼包,天猫精选,迈锐宝 购车订金,7971377,NULL,2,100.0
241,19,3,7,1460元购车礼包、千元车载礼包,易车,CHERY 奇瑞 瑞虎5X 线上专享优惠,7974939,购车必看,43,86.95652173913044
242,20,5,1,19999元定金,天猫精选,MASERATI 玛莎拉蒂 GranTurismo跑车系列 GT跑车,7967475,NULL,131,92.64705882352942
243,0,0,0,599元包邮（需用券）,天猫精选,GOOD YEAR 固特异 太阳能无线胎压监测系统,7967093,双11预售,0,
244,15,18,1,1460元购车礼包、18期0利率金融方案,易车,GEELY 吉利 博瑞 线上专享优惠,7974803,购车必看,25,16.27906976744186
245,16,3,3,1460元购车礼包、免购置税、3年0利率、置换补贴、保险补贴,易车,VOLVO 沃尔沃 S60L 线上专享优惠,7963236,购车必看,28,80.64516129032258
246,0,0,1,38元（需用券）,天猫精选,车仆 镀膜蜡 去污上光防护蜡 260g,7968572,NULL,0,
247,334,15,228,,什么值得买,四款省油紧凑型车推荐,7968484,百公里油耗不足7升,77,67.3913043478261
248,2,4,2,1849元（100元定金，双11付尾款）,聚划算,强生 TiN陶瓷汽车膜 全车膜,7968285,双11预售,0,-100.0
249,678,10,432,2017年9月 评论赢模拟飞行机会,天猫精选,SUV销量与价格优惠排行,7962274,车榜单,118,84.375
250,35,33,8,1元,天猫精选,全新BMW 1系运动轿车 驾享体验券,7963176,NULL,26,-11.864406779661017
251,14,7,2,1460元购车礼包,易车,一汽大众 蔚领 线上补贴4S店使用,7961346,购车必看,11,22.22222222222222
252,37,21,15,35100元,有赞,Porsche 保时捷 凌驾风雪 运动驾驶体验,7961501,冰雪极速,116,69.34306569343066
253,133,141,89,3-13万，6款好价二手车推荐,人人车,人人车200元服务费抵扣券,7953741,购车必看,16,-79.61783439490446
254,13,7,7,1460元购车礼包、免购置税、万元置换礼包、2年0利率金融礼包、首年车险补贴,易车,沃尔沃 XC60 线上专享补贴,7961328,购车必看,26,57.57575757575758
255,5,4,0,888元,天猫精选,Mobil美孚1号FS X2 5W-40 4L*2美孚一号全合成汽车机油,7961862,NULL,0,-100.0
256,44,19,4,最高享7.5万元优惠、1460元购车礼包、辉昂探秘之旅,易车,上汽大众 PHIDEON 辉昂 线上专享优惠,7960979,购车必看,29,20.833333333333336
257,9,14,1,888元,天猫精选,官方店正品Mobil美孚1号 5W-30 4L*2 美孚一号全合成机油,7957852,NULL,1,-86.66666666666667
258,458,8,170,2017年9月 评论赢模拟飞行机会,什么值得买,轿车销量与价格优惠排行,7901038,车榜单,63,77.46478873239437
259,29,9,7,最高享10000元购置税补贴、2年0利率金融方案,易车,CITROEN 雪铁龙 C5 AIRCROSS 线上专享优惠,7953033,购车必看,26,48.57142857142857
260,4,2,5,1460元购车礼包,易车,一汽大众 高尔夫 嘉旅 线上专享优惠,7952953,购车必看,14,75.0
261,35,1,4,1460元购车礼包、厂商礼包、2年0利率,易车,CHERY 奇瑞 艾瑞泽5 线上专享购车补贴,7952244,购车必看,52,96.22641509433963
262,44,8,7,1460元购车礼包、18期0利率金融方案,易车,GEELY 吉利 博瑞 线上专享优惠,7946997,购车必看,49,71.9298245614035
263,13,46,1,1460元购车礼包,易车,BMW 宝马 1系 线上专享优惠,7946585,购车必看,7,-73.58490566037736
264,112,7,27,预约试驾抽车模,什么值得买,Cadillac 凯迪拉克 XT5 中型SUV,7941777,购车必看,112,88.23529411764706
265,23,8,14,最高享1.2万置换补贴、1200元现金优惠、1460元购车礼包、12900元金融礼包,易车,上汽大众 2016款 途安L 线上专享优惠,7946327,购车必看,8,0.0
266,24,5,2,1460元购车礼包,易车,CHERY 奇瑞 瑞虎7 线上专享补贴,7940700,购车必看,22,62.96296296296296
267,27,21,7,1460元购车礼包,易车,一汽大众 迈腾 线上专享优惠,7940669,购车必看,11,-31.25
268,56,9,6,1460元购车礼包,易车,GEELY 吉利博越 线上专享优惠,7940615,购车必看,59,73.52941176470588
269,39,12,13,1460元购车礼包,易车,BMW 宝马 3系 线上专享优惠,7940379,购车必看,31,44.18604651162791
270,0,0,0,949元,聚划算,gb好孩子汽车儿童安全座椅0-4-7岁婴儿宝宝新生儿安全坐车载CS558,7941220,NULL,0,
271,190,57,86,11.09万-14.69万,天猫精选,BUICK 别克 阅朗 旅行车,7935754,新车上市,151,45.19230769230769
272,636,126,174,14.49万-16.69万,天猫精选,BUICK 别克 GL6 MPV,7833667,新车上市,487,58.890701468189235
273,63,54,5,1460元购车礼包,易车,一汽大众 新速腾 线上专享优惠,7934492,购车必看,16,-54.285714285714285
274,21,19,3,1460元购车礼包,易车,BMW 宝马 X1 线上专享优惠,7934292,购车必看,17,-5.555555555555555
275,62,5,18,50%购置税补贴、10000元保险补贴、36期0利率、1460元购车礼包,易车,VOLVO 沃尔沃 S90 线上专享优惠,7934089,购车必看,87,89.13043478260869
276,34,12,8,1460元购车礼包,易车,一汽大众 高尔夫 线上专享补贴,7931841,购车必看,20,25.0
277,0,2,3,17.9元包邮（需用券）,天猫精选,车仆 玻璃拨水剂雨敌汽车挡风玻璃防水剂防雨剂驱水剂,7934412,NULL,1,-33.33333333333333
278,256,121,118,40至50万高性能车选购指南,什么值得买,扮猪吃老虎,7931036,钢炮对决,60,-33.70165745856354
279,304,22,173,科技范儿路虎惨遭冷落,什么值得买,比亚迪MPV稳坐冠军，宝骏510自动挡上市,7919675,9月新车值不值,161,75.95628415300546
280,7,2,0,88元（需用券）,天猫精选,Great Wall长城  金吉星J700U SN/CF 5W-40 全合成润滑油 1L装,7928031,NULL,0,-100.0
281,46,9,13,1460元购车礼包、免购置税、3年0利率、置换补贴、保险补贴,易车,VOLVO 沃尔沃 S60L 线上专享优惠,7922894,购车必看,40,63.26530612244898
282,44,40,16,1460元购车礼包、1500元安全座椅优惠券、16600元金融礼包,易车,上汽大众 途昂 中大型SUV 线上专享优惠,7922836,购车必看,32,-11.11111111111111
283,62,17,23,1460元购车礼包、500元油卡,易车,BYD 比亚迪 宋MAX 线上专享优惠,7922807,购车必看,114,74.04580152671755
284,19,9,12,1460元购车礼包,易车,一汽大众 高尔夫 嘉旅 线上专享优惠,7922755,购车必看,23,43.75
285,27,28,6,1460元购车礼包、1500元安全座椅优惠券、14300元金融礼包,易车,上汽大众 途观L 线上专享补贴,7918366,购车必看,22,-12.0
286,15,3,5,1460元购车礼包、厂商礼包、2年0利率,易车,CHERY 奇瑞 瑞虎7 线上专享补贴,7894022,购车必看,21,75.0
287,76,10,22,最高享10000元购置税补贴、2年0利率金融方案,易车,CITROEN 雪铁龙 C5 AIRCROSS 线上专享优惠,7913389,购车必看,79,77.52808988764045
288,58,8,20,2000元购车礼包、2000元保险补贴、6000元置换补贴,车享,雪佛兰 探界者 线上专享优惠,7912784,购车必看,32,60.0
289,148,4,28,2000元购车礼包、3000元保险补贴、6000元置换补贴,车享,雪佛兰 迈锐宝XL 线上专享优惠,7912652,购车必看,71,89.33333333333333
290,21,16,13,最高享1.2万置换补贴、1200元现金优惠、1460元购车礼包、12900元金融礼包,易车,上汽大众 2016款 途安L 线上专享优惠,7912578,购车必看,25,21.951219512195124
291,3,0,3,28元（需用券）,天猫精选,卡尔路驰雨敌驱水剂防雨剂汽车玻璃拨水剂后视镜除水剂玻璃镀膜,7901178,NULL,2,100.0
292,18,0,2,19元（需用券）,天猫精选,车仆玻璃防雾剂 3瓶装,7899295,NULL,2,100.0
293,50,16,13,1460元购车礼包、免购置税、万元置换礼包、2年0利率金融礼包、首年车险补贴,易车,沃尔沃 XC60 线上专享补贴,7898288,购车必看,68,61.904761904761905
294,405,78,68,1460000元起,天猫精选,2017款 玛莎拉蒂 Quattroporte 总裁轿车,7894062,稀世良驹,2161,93.03260384100045
295,51,14,12,1460元购车礼包、2年0利率金融礼包、车载千元礼包,易车,CHERY 奇瑞 瑞虎7 线上专享补贴,7894047,购车必看,62,63.1578947368421
296,91,22,34,50%购置税补贴、10000元保险补贴、36期0利率、1460元购车礼包,易车,VOLVO 沃尔沃 S90 线上专享优惠,7891756,购车必看,119,68.79432624113475
297,92,14,27,1460元购车礼包、免购置税、置换礼包、2年0利率,易车,VOLVO 沃尔沃 XC90 线上专享优惠,7884567,购车必看,127,80.1418439716312
298,4,0,5,599元,天猫精选,天猫双11预售：GOOD YEAR 固特异 太阳能无线胎压监测系统,7881718,NULL,0,
299,169,49,58,330800元起,天猫精选,阿尔法·罗密欧 Giulia 豪华运动轿车,7881491,个性之选,297,71.67630057803468
300,99,23,48,1460元购车礼包、500元油卡,易车,BYD 比亚迪 宋MAX 线上专享优惠,7878531,购车必看,184,77.77777777777779
301,65,54,13,1460元购车礼包,易车,上汽大众 途观L 线上专享补贴,7878521,购车必看,22,-42.10526315789473
302,0,0,2,98元（需用券）,聚划算,固特威燃油宝除积碳提动力汽油添加剂3万公里油嘴油路清洗剂8支装,7875214,NULL,0,
303,116,33,25,798000元起（1000元订金）,天猫精选,JAGUAR 捷豹 F-TYPE 整车订金+金融方案,7874487,驭风而行,267,78.0
304,2,2,4,59元包邮（需用券）,天猫精选,沿途 车载吸尘器无线 汽车强力大功率充气泵,7873783,NULL,2,0.0
305,3,4,1,472元包邮（需用券）,天猫精选,米其林正品汽车轮胎 195/65R15 91V PRIMACY 3 ST 浩悦 包安装,7873042,NULL,0,-100.0
306,42,35,7,无门槛抽取半价车、2000元购车礼包、车享购车礼包,车享,CHEVROLET 雪佛兰 科帕奇 线上专享优惠,7870715,NULL,17,-34.61538461538461
307,89,11,72,除了刷手机，发愣你还可以这样,天猫精选,堵车解闷新选择,7867452,奇葩物,89,78.0
308,88,6,30,1460元购车礼包、1-5年低利率金融礼包、置换补贴、专用行李架,易车,VOLVO 沃尔沃 V90 Cross Country 线上专享优惠,7870655,旅行自驾新选择,141,91.83673469387756
309,42,14,5,1460元购车礼包、18期0利率金融方案,易车,GEELY 吉利 博瑞 线上专享优惠,7867395,购车必看,66,65.0
310,51,9,25,50%购置税补贴、1460元购车礼包、20%首付1年0利率,易车,VOLVO 沃尔沃 V40 线上专享优惠,7866184,购车必看,34,58.139534883720934
311,96,16,33,7.99万-11.09万元,天猫精选,瑞虎5X 紧凑型5座SUV,7861449,新车上市,175,83.24607329842932
312,18,19,11,1460元购车礼包,易车,一汽大众 高尔夫 嘉旅 线上专享优惠,7861352,购车必看,32,25.49019607843137
313,42,17,5,最高享购置税减25%，8000置换补贴、2年0利率,易车,SKODA 斯柯达 速派 线上专享优惠,7861309,购车必看,32,30.612244897959183
314,183,23,58,2年0利率（5成首付）、1年0利率（2成首付）、置换补贴、1460元购车礼包,易车,VOLVO 沃尔沃 V60 线上专享优惠,7861269,购车必看,79,54.90196078431373
315,15,3,72,汽车用品选购指南,什么值得买,自驾出游带些啥？,7854866,国庆自驾游,15,66.66666666666666
316,74,6,27,50%购置税补贴、10000元保险补贴、36期0利率、1460元购车礼包,易车,VOLVO 沃尔沃 S90 线上专享优惠,7854513,购车必看,113,89.91596638655463
317,51,54,12,1460元购车礼包、1500元安全座椅优惠券、16600元金融礼包,易车,上汽大众 途昂 中大型SUV 线上专享优惠,7854218,购车必看,38,-17.391304347826086
318,1,1,0,79元,天猫精选,3M 车蜡 水晶蜡养护腊,7849461,NULL,0,-100.0
319,71,11,10,2000元购车礼包、原厂行车记录仪、6000元置换补贴,车享,雪佛兰 迈锐宝XL 线上专享优惠,7848070,购车必看,42,58.490566037735846
320,596,61,260,7.99-11.99万元,天猫精选,比亚迪宋MAX 7座MPV,7846334,新车上市,900,87.30489073881374
321,36,4,14,300元车享网购车礼包,车享,Cadillac 凯迪拉克 ATS-L 线上专享优惠,7848011,购车必看,34,78.94736842105263
322,1073,108,959,选购指南,什么值得买,全能选手 20-25万6款实用型SUV,7838077,购车必看,108,0.0
323,13,10,3,1460元购车礼包、首付低至18980元，日供80元起，2年0利率,易车,CHERY 奇瑞 瑞虎7 线上专享补贴,7842578,购车必看,23,39.39393939393939
324,52,7,17,无门槛抽取半价车、2000元购车礼包、车享购车礼包,车享,CHEVROLET 雪佛兰 科帕奇 线上专享优惠,7842876,NULL,8,6.666666666666667
325,10,12,6,1460元购车礼包,易车,一汽大众 高尔夫 线上专享补贴,7842493,购车必看,21,27.27272727272727
326,48,12,15,1460元购车礼包,易车,BMW 宝马 3系 线上专享优惠,7838386,购车必看,54,63.63636363636363
327,32,12,19,1460元购车礼包,易车,GEELY 吉利博越 线上专享优惠,7838368,购车必看,83,74.73684210526315
328,64,43,8,1460元购车礼包,易车,上汽大众 途观L 线上专享补贴,7838358,购车必看,24,-28.35820895522388
329,349,61,99,2198000元起（最高享75万优惠）,天猫精选,玛莎拉蒂 GranTurismo跑车系列 GT跑车,7836066,买声浪送跑车,2554,95.33460803059273
330,110,17,10,1460元购车礼包、18期0利率金融方案,易车,GEELY 吉利汽车 博瑞 线上专享优惠,7835743,购车必看,81,65.3061224489796
331,56,7,16,1460元购车礼包、首付低至12380元起,易车,CHERY 奇瑞 艾瑞泽5 线上专享购车补贴,7835703,购车必看,75,82.92682926829268
332,34,13,11,1460元购车礼包,易车,一汽大众 高尔夫 嘉旅 线上专享优惠,7835493,购车必看,29,38.095238095238095
333,0,1,0,218元,聚划算,长城 金吉星  汽车机油J700U SN/CF 5W-40 全合成机油,7835612,NULL,0,-100.0
334,91,63,25,1460元购车礼包、1000元油卡、4.1万首付月供888元起,易车,BMW 宝马 1系 线上专享优惠,7832253,购车必看,25,-43.18181818181818
335,11,30,3,1460元购车礼包,易车,一汽大众 新速腾 线上专享优惠,7831655,购车必看,10,-50.0
336,7,10,2,1460元购车礼包,易车,BMW 宝马 X1 线上专享优惠,7831517,购车必看,4,-42.857142857142854
337,19,22,8,  最高享1.2万置换补贴、1200元现金优惠、1460元购车礼包、12900元金融礼包,易车,上汽大众 2016款 途安L 线上专享优惠,7831477,购车必看,14,-22.22222222222222
338,109,3,53,2017年8月,什么值得买,MPV销量与价格优惠排行榜,7825215,车榜单,59,90.32258064516128
339,74,68,7,10.69-15.99万,天猫精选,众泰大迈X7上进版 中型SUV,7825538,新车上市,72,2.857142857142857
340,8,2,4,39元,天猫精选,小米 车载充电器 双USB,7823634,NULL,2,0.0
341,10,2,9,1460元购车礼包、400元现金红包、50元话费、1000元现金红包、直降730元,易车,宝骏 730 线上专享购车补贴,7817688,购车必看,40,90.47619047619048
342,395,10,156,2017年8月,什么值得买,SUV销量与价格优惠排行榜,7817332,车榜单,121,84.7328244274809
343,65,15,19,50%购置税补贴、10000元保险补贴、36期0利率、1460元购车礼包,易车,VOLVO 沃尔沃 S90 线上专享优惠,7817589,购车必看,157,82.55813953488372
344,45,3,10,1460元购车礼包、直降510元、50元话费、18期0利率,易车,宝骏 510 线上专享优惠,7817625,购车必看,53,89.28571428571429
345,7,2,2,1460元购车礼包、2年0利率金融礼包，最低首付1.8万起,易车,CHERY 奇瑞 瑞虎7 线上专享补贴,7817533,购车必看,29,87.09677419354838
346,512,5,218,2017年8月 ,什么值得买,轿车销量与价格优惠排行,7810837,车榜单,131,92.64705882352942
347,53,13,10,最高享购置税减25%，8000置换补贴、2年0利率,易车,SKODA 斯柯达 速派 线上专享优惠,7817032,购车必看,38,49.01960784313725
348,33,23,4,1460元购车礼包,易车,上汽大众 途观L 线上专享补贴,7816921,购车必看,19,-9.523809523809524
349,31,14,8,1460元购车礼包,易车,一汽大众 高尔夫 嘉旅 线上专享优惠,7810479,购车必看,35,42.857142857142854
350,39,18,5,1460元购车礼包,易车,GEELY 吉利博越 线上专享优惠,7810418,购车必看,33,29.411764705882355
351,34,5,6,1460元购车礼包、免购置税、3年0利率、置换补贴、保险补贴,易车,VOLVO 沃尔沃 S60L 线上专享优惠,7807862,购车必看,16,52.38095238095239
352,28,9,4,1460元购车礼包,易车,BMW 宝马 3系 线上专享优惠,7801707,购车必看,14,21.73913043478261
353,73,14,23,2年0利率（5成首付）、1年0利率（2成首付）、置换补贴、1460元购车礼包,易车,VOLVO 沃尔沃 V60 线上专享优惠,7804613,购车必看,50,56.25
354,59,54,19,1460元购车礼包、14300元金融礼包、1500元安全座椅优惠券,易车,上汽大众 途观L 线上专享补贴,7804592,购车必看,51,-2.857142857142857
355,401,20,217,30万左右豪华轿车选购指南,什么值得买,豪华、颜值、操控一个都不能少,7801719,购车必看,81,60.396039603960396
356,27,26,4,1460元购车礼包,易车,BMW 宝马 X1 线上专享优惠,7804576,购车必看,12,-36.84210526315789
357,44,3,13,1460元购车礼包、400元现金红包、送交强险、50元话费、18期0利率,易车,宝骏 310 wagon,7804552,购车必看,83,93.02325581395348
358,28,11,11,500现金+1000油卡,易车,一汽丰田威驰 线上专享补贴,7801813,购车必看,17,21.428571428571427
359,29,11,7,600元现金补贴+1000元油卡,易车,一汽丰田RAV4荣放,7801725,购车必看,22,33.33333333333333
360,30,8,15,600元现金+1000元油卡,易车,一汽丰田全新卡罗拉线上补贴,7801482,购车必看,36,63.63636363636363
361,310,61,112,15.27万-22.67万,什么值得买,雪铁龙 C5 AIRCROSS 天逸 全新紧凑级SUV,7800063,新车上市,329,68.71794871794872
362,63,14,29,600元车款抵扣+1000元油卡补贴,易车,一汽丰田多款车型线上补贴,7801441,2017.9.16更新,71,67.05882352941175
363,48,14,25,600元车款抵扣+1000元油卡补贴,易车,一汽丰田全系 线上补贴专场,7798705,购车必看、优惠预告,36,44.0
364,22,30,4,1460元购车礼包,易车,一汽大众 新速腾 线上专享优惠,7797610,购车必看,13,-39.53488372093023
365,33,6,8,1460元购车礼包、2年0利率金融礼包，最低首付1.6万,易车,GEELY 吉利 帝豪GS 线上专享优惠,7797558,购车必看,38,72.72727272727273
366,73,5,15,1460元购车礼包、1-5年低利率金融礼包、置换补贴,易车,VOLVO 沃尔沃 V90 Cross Country 线上专享优惠,7797124,旅行自驾新选择,81,88.37209302325581
367,22,9,7,1460元购车礼包、18期0利率金融方案,易车,GEELY 吉利汽车 博瑞 线上专享优惠,7794522,购车必看,45,66.66666666666666
368,15,10,5,1460元购车礼包、2年0利率金融礼包，最低首付1.8万起,易车,CHERY 奇瑞 瑞虎7 线上专享补贴,7794308,购车必看,43,62.264150943396224
369,69,9,15,50%购置税补贴、1460元购车礼包、20%首付1年0利率,易车,VOLVO 沃尔沃 V40 线上专享优惠,7793731,购车必看,50,69.49152542372882
370,20,35,5,1460元购车礼包、1.2万元金融礼包、5000元保险补贴、1.5万现金优惠、限牌补贴,易车,上汽大众 全新帕萨特 线上专享优惠,7790017,购车必看,12,-48.93617021276596
371,11,28,3,1460元购车礼包,易车,一汽大众 迈腾 线上专享优惠,7784979,购车必看,24,-7.6923076923076925
372,34,10,6,1460元购车礼包,易车,一汽大众 高尔夫 线上专享补贴,7787078,购车必看,22,37.5
373,56,40,13,1200元现金优惠、1460元购车礼包、8200元金融礼包、1500元安全座椅券,易车,上汽大众 Polo GTI GP 线上专享补贴,7787221,购车必看,8,-66.66666666666666
374,14,2,9,线上支付订金，赢5000元购车补贴,易车,TOYOTA 丰田 卡罗拉 线上专享优惠,7783615,购车必看,19,80.95238095238095
375,48,59,4,最高享7.5万元优惠、1460元购车礼包、辉昂探秘之旅,易车,上汽大众 PHIDEON 辉昂 线上专享优惠,7782333,购车必看,38,-21.649484536082475
376,21,7,9,1460元购车礼包、免购置税、万元置换礼包、2年0利率金融礼包、首年车险补贴,易车,沃尔沃 XC60 线上专享补贴,7782233,购车必看,29,61.111111111111114
377,49,21,7,1460元购车礼包,易车,BMW 宝马 3系 线上专享优惠,7781745,购车必看,27,12.5
378,18,11,7,1460元购车礼包,易车,BMW 宝马 X1 线上专享优惠,7777758,购车必看,11,0.0
379,71,18,47,6.88-8.98万,什么值得买,宝骏510自动挡车型上市,7778285,新车上市,150,78.57142857142857
380,10,6,6,1460元购车礼包,易车, 一汽大众 高尔夫 嘉旅 线上专享优惠,7777658,购车必看,11,29.411764705882355
381,29,9,13,1460元购车礼包,易车,GEELY 吉利博越 线上专享优惠,7775797,购车必看,41,64.0
382,249,43,175,20万元内真假旅行车导购,什么值得买,既要操控又要空间！,7771030,购车必看,45,2.272727272727273
383,52,11,29,1460元购车礼包、直降510元、50元话费、18期0利率,易车,宝骏 510 线上专享优惠,7773770,购车必看,55,66.66666666666666
384,32,30,7,1460元购车礼包,易车,一汽大众 新速腾 线上专享优惠,7770447,购车必看,9,-53.84615384615385
385,80,24,22,4000元置换补贴、2年0利率、减免25%购置税,易车,上汽大众斯柯达 2017款 明锐 线上专享优惠,7770560,购车必看,35,18.64406779661017
386,39,97,16,3年使用权、到店礼、1000元油卡、1460元购车礼包、线上抽奖,易车,Luxgen 纳智捷 U5 小型SUV,7770200,购车必看,20,-65.8119658119658
387,0,0,2,306元,天猫精选,瓦尔塔蓄电池蓝38B19L锋范1.5理念思迪飞度北斗星爱迪尔汽车电瓶,7770008,NULL,0,
388,2,1,4,315元,聚划算,瓦尔塔蓄电池蓝46B24L轩逸骊威骐达新阳光思域CRV奥德赛汽车电瓶,7768539,NULL,0,-100.0
389,0,3,1,1999元,聚划算,CYBEX 德国汽车用儿童安全座椅Pallas 2-fix  9个月-12岁 isofix,7768523,NULL,0,-100.0
390,109,36,34,7.98-15.58万元,什么值得买,福特新款翼博 小型SUV全新改款,7766386,新车上市,58,23.404255319148938
391,39,15,17,6.68-10.18万元,什么值得买,东风风神AX4 全新小型SUV,7765301,新车上市,66,62.96296296296296
392,29,7,6,1460元购车礼包,易车,一汽大众 高尔夫 线上专享补贴,7760359,购车必看,17,41.66666666666667
393,21,8,4,1460元购车礼包、2年0利率金融礼包，最低首付1.6万,易车,GEELY 吉利 帝豪GS 线上专享优惠,7763299,购车必看,12,20.0
394,10,6,5,1460元购车礼包、24期0利率金融方案,易车,CHERY 奇瑞 瑞虎7 线上专享补贴,7758874,购车必看,36,71.42857142857143
395,201,14,18,1460元购车礼包、18期0利率金融方案,易车,GEELY 吉利汽车 博瑞 线上专享优惠,7758649,购车必看,85,71.71717171717171
396,14,38,9,1460元购车礼包、14300元金融礼包、1500元安全座椅优惠券,易车,上汽大众 途观L 线上专享补贴,7758470,购车必看,30,-11.76470588235294
397,90,8,23,50%购置税补贴、10000元保险补贴、36期0利率、1460元购车礼包,易车,VOLVO 沃尔沃 S90 线上专享优惠,7758342,购车必看,127,88.14814814814815
398,479,86,55,6488888元,走秀网,Lamborghini 兰博基尼 Aventador Lp 700-4,7755731,高端秀,2761,93.95855286266244
399,46,59,11,1460元购车礼包,易车,一汽大众 迈腾 线上专享优惠,7756112,购车必看,28,-35.63218390804598
400,40,15,12,1460元购车礼包、免购置税、3年0利率、置换补贴、保险补贴,易车,VOLVO 沃尔沃 S60L 线上专享优惠,7753229,购车必看,38,43.39622641509434
401,108,14,45,710000元包邮包进口税（墨规版）,奥买家全球购,2017款 宝马X5 xDrive35i 典雅型 3.0T 墨规版,7750172,NULL,418,93.51851851851852
402,101,29,16,送定制套装、购车礼包、1460元购车礼包,易车,东风雪铁龙 天逸C5 AIRCROSS,7750137,新车预售,67,39.58333333333333
403,44,8,49,49元,美团网,车享家 节气门清洗服务,7750983,NULL,18,38.46153846153847
404,67,6,34,1460元购车礼包、400元现金红包、送交强险、50元话费、18期0利率,易车,宝骏 310 wagon,7748971,购车必看,162,92.85714285714286
405,40,12,8,1460元购车礼包、免购置税、万元置换礼包、2年0利率金融礼包、首年车险补贴,易车,沃尔沃 XC60 线上专享补贴,7744359,购车必看,14,7.6923076923076925
406,25,33,11,最高享1.2万置换补贴、1200元现金优惠、1460元购车礼包、12900元金融礼包,易车,上汽大众 途安L 线上专享优惠,7743722,购车必看,10,-53.48837209302325
407,72,19,14,1460元购车礼包,易车,BMW 宝马 3系 线上专享优惠,7743420,购车必看,40,35.59322033898305
408,24,13,7,1460元购车礼包,易车,GEELY 吉利博越 线上专享优惠,7743174,购车必看,41,51.85185185185185
409,1,0,3,78元,聚划算,铁将军胎压监测高精度汽车胎压计车用胎压表轮胎气压表监测器T181,7741092,NULL,0,
410,235,39,39,2538000起,天猫精选,奥迪 R8 V10 Coupe Performance,7738249,钢铁侠座驾,1412,94.62439696760855
411,146,309,23,68.8万-104.8万,什么值得买,Land Rover 路虎 星脉,7740190,新车上市,106,-48.91566265060241
412,576,23,298,20万左右中型车选购指南,什么值得买,颜值更重要,7738311,购车必看,98,61.98347107438017
413,196,126,31,优先提车权、1000元油卡,天猫精选,Land Rover 路虎 星脉 线上专享优惠,7737984,新车预售,216,26.31578947368421
414,165,18,51,448000元起,天猫精选,阿尔法罗密欧 Stelvio 斯泰维 豪华中型SUV,7738080,驾驶者之车,248,86.46616541353383
415,55,55,10,1460元购车礼包,易车,一汽大众 新速腾 线上专享优惠,7738058,购车必看,19,-48.64864864864865
416,35,12,10,1460元购车礼包、2年0利率金融礼包,易车,CHERY 奇瑞 瑞虎7 线上专享补贴,7735505,购车必看,66,69.23076923076923
417,243,51,48,1460元购车礼包、1-5年低利率金融礼包、置换补贴,易车,VOLVO 沃尔沃 V90 Cross Country 线上专享优惠,7735003,旅行首选,194,58.36734693877551
418,38,58,9,首付低至4万、1460元购车礼包、1000元油卡,易车,宝马 1系 线上专享优惠,7734616,购车必看,6,-81.25
419,37,9,16,最高享25%购置税补贴、8000元置换补贴、1460元购车礼包,易车,斯柯达 速派 线上专享优惠,7733570,购车必看,35,59.09090909090909
420,28,17,8,1460元购车礼包,易车,一汽大众 高尔夫 嘉旅 线上专享优惠,7733027,购车必看,14,-9.67741935483871
421,17,29,6,1460元购车礼包,易车,BMW 宝马 X1 线上专享优惠,7732761,购车必看,6,-65.71428571428571
422,117,18,21,1068800元起,天猫精选,玛莎拉蒂 Levante 天猫专享车源,7729183,声浪演奏家,683,94.8644793152639
423,34,8,56,最高享万元补贴、50%购置税减免,易车,易车多款车型线上专享优惠,7729655,金九银十购车季,13,23.809523809523807
424,179,13,62,笑到最后的却是奔驰AMG 43！,什么值得买,众泰“改邪归正”，斯柯达“败光人品”,7731103,8月新车值不值,100,76.99115044247787
425,372,397,49,15-16.3万元,什么值得买,长城魏派VV5s 全新紧凑级SUV,7730093,新车上市,216,-29.526916802610113
426,70,12,22,50%购置税补贴、10000元保险补贴、36期0利率、1460元购车礼包,易车,VOLVO 沃尔沃 S90 线上专享优惠,7729498,购车必看,103,79.13043478260869
427,26,4,5,1460元购车礼包,易车,宝骏 730 线上专享购车补贴,7729325,购车必看,38,80.95238095238095
428,62,4,11,1460元购车礼包,易车,宝骏 510 线上专享优惠,7726304,购车必看,42,82.6086956521739
429,101,120,22,预售价5万-8万,什么值得买,北京现代 全新瑞纳,7720245,新车预售,58,-34.831460674157306
430,355,545,23,16.98万-24.98万,什么值得买,北京现代 索纳塔九,7721952,新车上市,91,-71.38364779874213
431,20,19,3,最高享1500元京东E卡、2年免费保养、8000元置换补贴等,易车,林肯 MKC 线上专享优惠,7726085,购车必看,11,-26.666666666666668
432,143,9,28,限北京地区,什么值得买,凯迪拉克全系大促 预约试驾送机油,7721499,NULL,80,79.7752808988764
433,147,50,35,155.8万-267.8万元,天猫精选,Land Rover 路虎 揽胜,7725240,英国王室座驾,284,70.05988023952095
434,99,6,39,1460元购车礼包、400元现金红包、18期0利率、50元话费、交强险礼包,易车,宝骏 310W 线上专享优惠,7721731,购车必看,134,91.42857142857143
435,12,9,6,500元购车礼包、2年0利率、4999元现金抵扣、抽半价车购买资格,车享,BUICK 别克 威朗 线上专享优惠,7719667,购车必看,15,25.0
436,163,52,31,928000元起,天猫精选,Land Rover 路虎 揽胜运动版,7717048,购车必看,285,69.13946587537092
437,101,33,38,7.38万-11.68万,易车,广汽传祺 GS3 小型SUV,7716609,新车上市,76,39.44954128440367
438,81,65,15,500000元起,易车,全新一代奥迪Q5 2.0T DYNAMIC 动感版,7714330,抢先体验,93,17.72151898734177
439,96,15,13,638000元起（欧规版）,易车,2016款 沃尔沃 XC90 T6 7座,7713774,购车必看,176,84.29319371727748
440,153,8,29,675000元起（欧规版）,易车,BMW 宝马 X5 3.0T 汽油版,7713999,购车必看,223,93.07359307359307
441,87,136,10,7.58万-10.38万,天猫精选,Luxgen 纳智捷 U5 小型SUV,7708635,新车上市,20,-74.35897435897436
442,147,23,47,22.09万-25.09万元,什么值得买,雪佛兰 探界者 RS 运动版,7707030,新车上市,121,68.05555555555556
443,94,16,25,35.99-53.99万元,什么值得买,上汽通用凯迪拉克XT5,7706550,新车上市,87,68.93203883495146
444,801,11,68,报名免费参加！,什么值得买,和摩拜创始人面对面，探讨未来出行方式,7702940,周末活动推荐,60,69.01408450704226
445,146,30,39,68.8万-106.8万,什么值得买,AMG系列入门款 43系列,7705101,新车上市,247,78.33935018050542
446,78,8,16,限北京，全系优惠9万元,什么值得买,运动标杆之争 选3系还是ATS-L？,7702896,购车必看,16,33.33333333333333
447,146,25,31,450000元（加拿大版）,易车,2017款 塞纳 3.5L LE 两驱版,7702454,奶爸好帮手,88,55.75221238938053
448,235,30,85,370000元（中东版）,易车,2017款 普拉多 2700 TX版,7702288,购车必看,319,82.8080229226361
449,230,28,49,730000元（欧规）,易车,2016款 保时捷 卡宴 3.0T 柴油版 国四,7701068,购车必看,658,91.83673469387756
450,168,71,14,1230000元（欧规版）,易车,Land Rover 路虎 2017款 揽胜 3.0T 汽油版,7700082,购车必看,375,68.16143497757847
451,216,85,80,5.68-9.18万元,什么值得买,众泰T300 全新小型SUV,7698326,新车上市,251,49.404761904761905
452,61,15,21,988800元起,易车,林肯 Navigator 领航员 3.5T AWD 大型SUV,7695667,陆地方舟,356,91.91374663072777
453,451,199,84,11.99-17.49万元,什么值得买,上汽斯柯达新明锐,7679253,新车上市,160,-10.86350974930362
454,28,35,11,最高享1500元京东E卡、2年免费保养、10000元置换补贴等,易车,林肯 MKX 中大型豪华SUV线上专享优惠,7693598,购车必看,15,-40.0
455,232,22,63,605000元起（中东版）,易车,2017款 丰田 兰德酷路泽 4.0L,7693315,进藏首选,319,87.09677419354838
456,115,19,38,670000元起（欧规版）,易车,2016款 沃尔沃 XC90 T6 7座,7692874,购车必看,249,85.82089552238806
457,178,60,16,530000起（墨规版）,易车,2018款 奥迪 Q5 2.0T DYNAMIC 动感版,7687532,抢先体验,122,34.065934065934066
458,96,17,43,690000起（欧规版）,易车,2017款 宝马 X5 3.0T 汽油版,7688055,购车必看,325,90.05847953216374
459,13,25,4,最高享1500元京东E卡、2年免费保养、8000元置换补贴等,易车,林肯 MKC 线上专享优惠,7679193,美式豪华,12,-35.13513513513514
460,215,19,115,2017年7月,什么值得买,MPV销量与价格优惠排行榜,7679208,车榜单,48,43.28358208955223
461,85,19,9,315000起拍,易车,2017款 福特 野马 2.3T 汽油版 黑色 美规车,7676359,易车818购车节,60,51.89873417721519
462,212,5,135,7月A级车销量竞猜中奖名单揭晓,什么值得买,2017年7月 SUV销量与价格优惠排行榜,7673680,车榜单,48,81.13207547169812
463,34,5,20,500元购车礼包、7000元购置税补贴,车享,荣威 RX5 线上专享优惠,7673504,购车必看,40,77.77777777777779
464,35,24,13,500元购车礼包,车享,斯柯达 柯迪亚克 线上专享优惠,7673059,购车必看,14,-26.31578947368421
465,147,43,35,399900元起,什么值得买,2017款 雪佛兰 科迈罗 RS 2.0T,7672717,美式肌肉车,140,53.00546448087432
466,15,13,3,最高享1500元京东E卡、2年免费保养、10000元置换补贴等,易车,林肯 MKX 中大型豪华SUV线上专享优惠,7671148,购车必看,8,-23.809523809523807
467,171,129,84,租金：999元/日均,START共享有车生活平台,TESLA 特斯拉 Model X ,7668847,回头率爆表、限北京,131,0.7692307692307693
468,33,10,11,500元购车礼包、2年0利率、4999元现金抵扣、抽半价车购买资格,车享,BUICK 别克 威朗 线上专享优惠,7669186,购车必看,28,47.368421052631575
469,320,7,296,7月A级车销量竞猜中奖名单揭晓,什么值得买,2017年7月 轿车销量与价格优惠排行榜,7668233,车榜单,49,75.0
470,17,7,4,最高享1500元京东E卡、2年免费保养、8000元置换补贴等,易车,林肯 MKC 线上专享优惠,7663401,美式豪华,14,33.33333333333333
471,18,27,14,5000元保险补贴、17600元金融礼包、5000元置换补贴、1500安全座椅优惠券,车享,上汽大众 途观 线上专享补贴,7662581,购车必看,8,-54.285714285714285
472,55,8,14,500元购车礼包,车享,Cadillac 凯迪拉克 CT6 线上专享优惠,7662112,购车必看,60,76.47058823529412
473,32,3,2,500元购车礼包、2000元购车礼包、6000元置换补贴,车享,雪佛兰 迈锐宝XL 线上专享优惠,7661736,购车必看,25,78.57142857142857
474,149,26,339,普拉多、野马等多款车型好价,易车,易车818平行进口购车节,7656794,购车必看,152,70.78651685393258
475,174,32,31,911000元起,天猫精选,玛莎拉蒂 Ghibli轿车系列 新车订金,7655597,意式豪华,760,91.91919191919192
476,7,2,1,最高享1500元京东E卡、2年免费保养、10000元置换补贴等,易车,林肯 MKX 中大型豪华SUV线上专享优惠,7655135,购车必看,6,50.0
477,4,1,2,1000元油卡、1460元购车礼包、3年免费保养、优先提车权,易车,广汽传祺 GS3 线上专享优惠,7654945,购车必看,16,88.23529411764706
478,509,157,244,选购指南,什么值得买,13万元紧凑型轿车怎么选？三厢篇,7613265,购车必看,48,-53.170731707317074
479,12,12,9,最高享1500元京东E卡、2年免费保养、8000元置换补贴等,易车,林肯 MKC 线上专享优惠,7644980,购车必看,17,17.24137931034483
480,62,21,10,500元购车礼包,车享,Cadillac 凯迪拉克 ATS-L 线上专享优惠,7645573,购车必看,32,20.754716981132077
481,95,17,34,抽半价车购买资格,车享,别克 威朗 线上专享优惠,7643082,购车必看,29,26.08695652173913
482,45,40,14,5000元保险补贴、17600元金融礼包、5000元置换补贴、1500安全座椅优惠券,车享,上汽大众 途观 线上专享补贴,7642913,购车必看,23,-26.984126984126984
483,8,5,9,最高享1500元京东E卡、2年免费保养、10000元置换补贴等,易车,林肯 MKX 中大型豪华SUV线上专享优惠,7640198,购车必看,29,70.58823529411765
484,60,2,62,2017年第二季度,什么值得买,二手SUV &amp; MPV销量排行,7633640,车榜单,30,87.5
485,18,13,4,最高享1500元京东E卡、2年免费保养、8000元置换补贴等,易车,林肯 MKC 线上专享优惠,7634786,美式豪华,12,-4.0
486,120,51,44,16.85-24.9万,什么值得买,上汽大通D90 全新中大型SUV,7633875,新车上市,115,38.55421686746988
487,27,6,11,1000元油卡、1460元购车礼包、3年免费保养、优先提车权,易车,广汽传祺 GS3 线上专享优惠,7631595,新车预售,35,70.73170731707317
488,102,10,17,988800元起,易车,林肯 Navigator 领航员 3.5T AWD,7630779,陆地方舟,349,94.42896935933148
489,138,21,24,681800元起,天猫精选,奥迪TTS Coupé新车订金,7627568,不是超跑，胜过超跑,190,80.09478672985783
490,388,342,59,146800元起,天猫精选,北京汽车 BJ40 越野SUV,7623047,战狼同款,241,-17.32418524871355
491,30,26,11,最高享1500元京东E卡、2年免费保养、10000元置换补贴等,易车,林肯 MKX线上专享优惠,7620964,购车必看,23,-6.122448979591836
492,282,67,66,1460000元起,天猫精选,2017款 玛莎拉蒂 Quattroporte 总裁轿车,7620829,稀世良驹,1748,92.61707988980716
493,105,3,136,2017年第二季度,什么值得买,二手轿车销量排行,7618807,车榜单,67,91.42857142857143
494,34,6,12,最高享1500元京东E卡、2年免费保养、8000元置换补贴等,易车,林肯 MKC 线上专享优惠,7616411,美式豪华,40,73.91304347826086
495,9,2,4,765000元,天猫精选,2017款BMW/宝马 X6 M版,7609415,NULL,51,92.45283018867924
496,10,2,0,730000元,天猫精选,2017年款BMW/宝马 X5 X-line版,7609434,NULL,32,88.23529411764706
497,5,0,1,99元,天猫精选,福田汽车 欧马可S3 国V豪配版 下订抵1099元 赢油卡,7608864,NULL,11,100.0
498,126,18,56,85500元（可分期）,天猫精选,FOTON 福田汽车 欧马可1系 超值版,7608905,创业好帮手,341,89.97214484679665
499,140,38,27,978000元起,天猫精选,JAGUAR 捷豹 F-TYPE 3.0T S硬顶版,7603430,驭风而行,471,85.0687622789784
500,163,25,79,挑落本田CR-V的，竟是4万块的国产车？,什么值得买,说好“买不起的都点值，情怀车型都点值”,7584578,7月新车值不值,140,69.6969696969697
501,111,68,32,3000元置换补贴,天猫精选,北京汽车BJ80 越野SUV 线上专享补贴,7600187,阅兵同款,71,2.158273381294964
502,17,7,14,1460元购车礼包、50元试驾红包,易车,CHERY 奇瑞 瑞虎7 线上专享补贴,7600034,购车必看,52,76.27118644067797
503,25,11,9,1460元购车礼包,易车,宝马 X1 线上专享优惠,7600011,购车必看,20,29.03225806451613
504,38,36,7,1460元购车礼包,易车,一汽大众 高尔夫 线上专享补贴,7599871,购车必看,23,-22.033898305084744
505,240,38,37,1898000元起,天猫精选,奥迪 RS7 Sportback,7599045,性能怪兽,1214,93.9297124600639
506,42,14,7,50%购置税补贴、10000元保险补贴、36期0利率、1460元购车礼包,易车,沃尔沃S90线上专享优惠,7597383,购车必看,54,58.82352941176471
507,43,21,8,直降510元车款,易车,宝骏 510 线上专享优惠,7590973,10点开抢,30,17.647058823529413
508,40,15,9,全系减免25%购置税、1460元购车礼包,易车,斯柯达 晶锐 线上专享补贴,7590733,购车必看,18,9.090909090909092
509,207,14,40,50%购置税补贴、10000元保险补贴、36期0利率、1460元购车礼包,易车,沃尔沃S90线上专享优惠,7590520,购车必看,133,80.95238095238095
510,33,5,6,1460元购车礼包、50元试驾红包,易车,奇瑞 艾瑞泽7 线上专享补贴 ,7590194,购车必看,42,78.72340425531915
511,30,52,4,1460元购车礼包,易车,一汽大众 新速腾 线上专享优惠,7590137,购车必看,13,-60.0
512,227,40,28,1598000元起,天猫精选,Audi 奥迪 RS6 Avant,7589052,高性能旅行车,683,88.93499308437067
513,86,13,8,最高享25%购置税补贴、8000元置换补贴、1460元购车礼包,易车,斯柯达 速派 线上专享优惠,7586016,购车必看,15,7.142857142857142
514,41,15,17,1460元购车礼包,易车,BMW 宝马 3系 线上专享优惠,7585945,购车必看,38,43.39622641509434
515,22,7,7,2500元现金优惠、1000元现金礼包、500元现金红包,易车,广汽传祺 GS4 线上专享优惠,7585826,购车必看,24,54.83870967741935
516,18,17,12,最高享1.2万元置换补贴、2000元现金抵扣、1260元购车礼,易车,上汽大众 途安L 线上专享优惠,7585605,购车必看,23,15.0
517,27,6,2,1460元购车礼包、50元试驾红包,易车,CHERY 奇瑞 瑞虎7 线上专享补贴,7585528,购车必看,54,80.0
518,48,53,18,8.39-13.29万,什么值得买,长安CS55 全新紧凑型SUV,7577313,新车上市,41,-12.76595744680851
519,194,24,29,1370000元（支持花呗分期）,天猫精选,2017款 凯迪拉克 凯雷德 6.2L ESV铂金版加长型,7584481,天王座驾,655,92.93078055964654
520,26,4,9,1460元购车礼包、瑞士背包、空气净化器,易车,宝骏 730 线上专享购车补贴,7583611,10点开抢,53,85.96491228070175
521,491,156,266,选购指南,易车,13万元紧凑型轿车怎么选？两厢篇,7560721,NULL,30,-67.74193548387096
522,78,31,22,548000元起（定金可用花呗分期）,天猫精选,2018款 捷豹 F-PACE 整车订金,7581721,购车送油卡,142,64.16184971098265
523,23,89,9,1460元购车礼包、1500元安全座椅优惠券、2年0利率,易车,上汽大众 途观L 线上专享补贴,7581524,购车必看,18,-66.35514018691589
524,7,9,6,2500元现金优惠、1000元现金礼包、500元现金红包,易车,广汽传祺 GS4 线上专享优惠,7581409,购车必看,17,30.76923076923077
525,221,50,33,2538000起,天猫精选,2016款 奥迪 R8 V10 Coupe Performance,7580872,钢铁侠座驾,1313,92.66324284666177
526,8,6,4,1460元购车礼包、空气净化器、瑞士背包,易车,宝骏 560 线上专享优惠,7577880,10点开抢,13,36.84210526315789
527,25,16,6,1460元购车礼包,易车,一汽大众 高尔夫 线上专享补贴,7575751,购车必看,13,-10.344827586206897
528,20,26,11,1460元购车礼包,易车,宝马 X1 线上专享优惠,7576553,购车必看,10,-44.44444444444444
529,103,9,27,50%购置税补贴、10000元保险补贴、36期0利率、1460元购车礼包,易车,沃尔沃S90线上专享优惠,7574910,购车必看,157,89.1566265060241
530,58,13,7,500元天猫超市卡,天猫精选,广汽本田缤智线上专享补贴,7572893,购车必看,37,48.0
531,13,5,3,直降510元车款,易车,宝骏 510 线上专享优惠,7565166,10点开抢,15,50.0
532,289,32,77,3720000元,天猫精选,Mercedes-Benz/奔驰 2017年款G500 4*4,7558905,高端秀,1370,95.43509272467902
533,79,10,11,最高享25%购置税补贴、8000元置换补贴、1460元购车礼包,易车,斯柯达 速派 线上专享优惠,7565116,购车必看,48,65.51724137931035
534,17,7,9,1460元购车礼包、厂商礼包、50元试驾红包,易车,CHERY 奇瑞 瑞虎7 线上专享补贴,7565101,购车必看,56,77.77777777777779
535,35,7,8,2500元现金优惠、1000元现金礼包、500元现金红包,易车,广汽传祺 GS4 线上专享优惠,7565077,购车必看,21,50.0
536,407,43,78,17.58-26.98万,什么值得买,上汽通用别克新一代君威,7562850,新车上市,278,73.20872274143302
537,90,5,24,互动竞猜赢金币,什么值得买,2017年6月 MPV销量与价格优惠排行榜,7562827,车榜单,15,50.0
538,315,26,214,购车即送500元天猫超市卡,天猫精选,本田飞度GK5线上专享优惠,7558223,平民超跑,260,81.81818181818183
539,8,12,2,1460元购车礼包、空气净化器、瑞士背包,易车,宝骏 560 线上专享优惠,7558407,10点开抢,6,-33.33333333333333
540,513,13,325,互动竞猜赢金币,什么值得买,2017年6月 SUV销量与价格优惠排行榜,7555102,车榜单,72,69.41176470588235
541,9,5,1,1460元购车礼包、厂商礼包、50元试驾红包,易车,CHERY 奇瑞 瑞虎7 线上专享补贴,7558152,购车必看,21,61.53846153846154
542,8,7,3,1460元购车礼包,易车,宝马 X1 线上专享优惠,7557904,购车必看,23,53.333333333333336
543,27,22,5,1460元购车礼包,易车,一汽大众 迈腾 线上专享优惠,7557820,购车必看,28,12.0
544,16,40,1,直降510元车款,易车,宝骏 510 线上专享优惠,7555845,10点开抢,16,-42.857142857142854
545,16,7,4,1460元购车礼包、厂商礼包、50元试驾红包,易车,奇瑞 艾瑞泽7 线上专享补贴,7554487,购车必看,39,69.56521739130434
546,15,15,4,最高享12000元补贴、2760元购车礼包、1500元安全座椅优惠券,易车,上汽大众 全新帕萨特 线上专享优惠,7553915,购车必看,16,3.225806451612903
547,11,7,5,2500元现金优惠、1000元现金礼包、500元现金红包,易车,广汽传祺 GS4 线上专享优惠,7552410,购车必看,19,46.15384615384615
548,145,37,44,14.28万起，12期0利率,什么值得买,哈弗H7 中型SUV,7553187,直降1.5-2万,100,45.98540145985402
549,167,85,27,141800元,天猫精选,众泰SR9 2017款2.0T自动极致之光版,7524338,NULL,501,70.98976109215018
550,306,125,43,指导价：9.98万-13.48万,什么值得买,东风日产全新小型SUV KICKS劲客,7549610,新车上市,72,-26.903553299492383
551,365,4,174,评论竞猜赢金币,什么值得买,2017年6月 轿车销量与价格优惠排行榜,7547196,车榜单,84,90.9090909090909
552,126,16,36,送大众朗逸1.6L自动风尚型,东方购物,买上汽大众辉昂380TSI至尊版,7536689,买一送一,223,86.61087866108787
553,34,11,8,1260元购车礼包,易车,DS 4S 线上专享优惠,7548217,购车必看,17,21.428571428571427
554,93,34,17,一年免费使用权、万元金融礼包、爱奇艺会员、购车礼包,天猫精选,东风日产 全新 KICKS 劲客,7544624,新车预售,44,12.82051282051282
555,11,11,1,1260元购车礼包、厂商礼包、50元试驾红包,易车,奇瑞 瑞虎5 线上专享优惠,7544601,购车必看,29,45.0
556,41,21,5,1260元购车礼包,易车,一汽大众 高尔夫 线上专享补贴,7544577,购车必看,25,8.695652173913043
557,13,30,5,1260元购车礼包,易车,BMW 宝马 3系 线上专享优惠,7541594,购车必看,13,-39.53488372093023
558,283,31,45,4180000元（送10万元礼包）,东方购物,BENTLEY 宾利 添越 6.0T 标准版,7539909,高端秀,1789,96.5934065934066
559,7,6,3,1260元购车礼包、全系购置税减免25%、2年0利率,易车,上汽大众 斯柯达 昕锐,7541699,购车必看,14,40.0
560,23,6,4,直降510元车款,易车,宝骏骏 510 线上专享优惠,7541351,10点开抢,20,53.84615384615385
561,88,72,11,最高享25%购置税减免、1260元购车礼、1年额外延保,易车,斯柯达 Yeti 线上专享优惠,7539809,购车必看,26,-46.93877551020408
562,34,28,12,最高享1.2万元置换补贴、2000元现金抵扣、1260元购车礼,易车,上汽大众 途安L 线上专享优惠,7539794,购车必看,36,12.5
563,78,10,9,最高享25%购置税补贴、8000元置换补贴、1260元购车礼包,易车,斯柯达 速派 线上专享优惠,7539721,购车必看,35,55.55555555555556
564,33,14,1,1260元购车礼包、厂商礼包、50元试驾红包,易车,CHERY 奇瑞 瑞虎7 线上专享补贴,7539626,购车必看,87,72.27722772277228
565,23,69,8,1260元购车礼包,易车,一汽大众 新速腾 线上专享优惠,7537588,购车必看,29,-40.816326530612244
566,104,88,8,1700元现金额外抵扣、1260元购车礼包,易车,上汽大众 Polo GTI 线上专享补贴,7537625,购车必看,38,-39.682539682539684
567,75,43,13,最高享25%购置税减免、1260元购车礼包、4000元置换补贴,易车,斯柯达 明锐 线上专享补贴,7537560,购车必看,19,-38.70967741935484
568,27,11,126,免押金、租车满2天直降100元,安飞士租车,安飞士租车 支付宝专享福利,7537709,租车必看,24,37.142857142857146
569,34,18,5,全系减免25%购置税、1260元购车礼包,易车,斯柯达 晶锐 线上专享补贴,7537540,购车必看,17,-2.857142857142857
570,25,63,11,1260元购车礼包,易车,BMW 宝马 X1 线上专享优惠,7537528,购车必看,5,-85.29411764705883
571,84,61,11,1260元购车礼包,易车, 一汽大众 迈腾 线上专享优惠,7537375,购车必看,26,-40.229885057471265
572,9,8,4,1260元购车礼包、厂商礼包、50元试驾红包,易车,奇瑞 瑞虎5 线上专享优惠 ,7533707,购车必看,33,60.97560975609756
573,34,9,15,最高享25%购置税补贴、8000元置换补贴、1260元购车礼包,易车,斯柯达 速派 线上专享优惠,7533656,购车必看,49,68.96551724137932
574,30,31,12,最高享8000元置换补贴、1260元购车礼包、5000元保险补贴,易车,上汽大众 途观丝绸之路版 线上专享补贴,7533600,购车必看,12,-44.18604651162791
575,1,3,4,7.31元,天猫精选,7.31元换30元无门槛淘票票券    长安铃木7月31日骁途上市直播 众筹赢好礼,7534202,NULL,7,40.0
576,18,7,8,1260元购车礼包、厂商礼包、50元试驾红包,易车,CHERY 奇瑞 瑞虎7 线上专享补贴,7533475,购车必看,28,60.0
577,33,14,77,免押金、领券直降66元租金,安飞士租车,安飞士租车 支付宝专享福利,7530656,租车必看,15,3.4482758620689653
578,20,16,7,1260元购车礼包,易车,一汽大众 高尔夫 线上专享补贴,7533351,购车必看,19,8.571428571428571
579,156,10,137,2017年第一季度,什么值得买,二手SUV &amp; MPV销量排行,7525394,车榜单,64,72.97297297297297
580,35,7,5,1260元购车礼包、厂商礼包、50元试驾红包,易车,奇瑞 艾瑞泽5 线上专享购车补贴,7530559,购车必看,43,72.0
581,214,63,103,首付低至15200元,天猫精选,马自达 CX-4 2.0L 自动两驱 蓝天活力版 线上专享优惠,7521758,颜值担当,107,25.882352941176475
582,19,24,5,1260元购车礼包,易车,BMW 宝马 X1 线上专享优惠,7530448,购车必看,12,-33.33333333333333
583,28,4,9,最高享25%购置税减免、1260元购车礼包、4000元置换补贴,易车,斯柯达 明锐 线上专享补贴,7528776,购车必看,33,78.37837837837837
584,18,7,7,直降510元车款,易车,宝骏 510 线上专享优惠,7527369,10点开抢,27,58.82352941176471
585,96,17,28,全系减免25%购置税、1260元购车礼包,易车,斯柯达 晶锐 线上专享补贴,7526846,购车必看,47,46.875
586,15,8,3,1260元购车礼包、厂商礼包、50元试驾红包,易车,CHERY 奇瑞 瑞虎7 线上专享补贴,7526295,购车必看,55,74.60317460317461
587,36,5,10,最高享25%购置税补贴、8000元置换补贴、1260元购车礼包,易车,斯柯达 速派 线上专享优惠,7525578,购车必看,24,65.51724137931035
588,28,38,4,1260元购车礼包,易车,BMW 宝马 i3 线上专享优惠,7525368,购车必看,10,-58.333333333333336
589,21,9,4,直降510元购车款,易车,宝骏 510 线上专享优惠,7520664,购车必看,19,35.714285714285715
590,124,17,23,1999元定金,聚划算,玛莎拉蒂 Levante 天猫专享车源,7521910,限量10台,481,93.17269076305222
591,21,5,10,1260元购车礼包、厂商礼包、50元试驾红包,易车,奇瑞 艾瑞泽7 线上专享补贴,7521350,购车必看,108,91.1504424778761
592,19,47,4,1260元购车礼包,易车,一汽大众 新速腾 线上专享优惠,7521222,购车必看,24,-32.3943661971831
593,22,21,10,1260元购车礼包,易车,BMW 宝马 3系 线上专享优惠,7521027,购车必看,40,31.147540983606557
594,10,51,8,最高享8000元置换补贴、1260元购车礼包、5000元保险补贴,易车,上汽大众 途观丝绸之路版 线上专享补贴,7520731,购车必看,14,-56.92307692307692
595,489,28,203,4.28万-5.68万,什么值得买,上汽通用五菱宝骏310W,7518466,NULL,956,94.3089430894309
596,11,17,6,1260元购车礼包,易车,一汽大众 高尔夫 线上专享补贴,7519500,购车必看,11,-21.428571428571427
597,27,38,9,最高享25%购置税减免、1260元购车礼、1年额外延保,易车,斯柯达 Yeti 线上专享优惠,7515945,购车必看,18,-35.714285714285715
598,8,12,4,1260元购车礼包,易车,BMW 宝马 X1 线上专享优惠,7515412,购车必看,5,-41.17647058823529
599,14,3,5,1260元购车礼包、厂商礼包、50元试驾红包,易车,奇瑞 艾瑞泽5 线上专享购车补贴,7514851,购车必看,19,72.72727272727273
600,800,85,161,16.98万-25.98万元,什么值得买,东风本田 换代CR-V 紧凑级SUV,7513251,新车上市,444,67.86389413988658
601,26,28,11,最高享1.2万元置换补贴、2000元现金抵扣、1260元购车礼,易车,上汽大众 途安L 线上专享优惠,7512389,购车必看,14,-33.33333333333333
602,77,148,17,最高享8000元置换补贴、1260元购车礼包、5000元保险补贴,易车,上汽大众 途观丝绸之路版 线上专享补贴,7510460,购车必看,37,-60.0
603,83,51,16,1260元购车礼包,易车,一汽大众 高尔夫·嘉旅 线上专享,7510436,购车必看,39,-13.333333333333334
604,90,52,10,1260元购车礼包,易车,BMW 宝马 2系 旅行车 线上优惠4S店同享,7510400,购车必看,18,-48.57142857142857
605,33,5,14,1260元购车礼包、厂商礼包、50元试驾红包,易车,CHERY 奇瑞 瑞虎7 线上专享补贴,7510374,购车必看,93,89.79591836734694
606,51,77,15,1260元购车礼包,易车,一汽大众 新速腾 线上专享优惠 ,7510330,购车必看,27,-48.07692307692308
607,99,28,16,最高享25%购置税补贴、8000元置换补贴、1260元购车礼包,易车,斯柯达 速派 线上专享优惠,7510303,购车必看,87,51.30434782608696
608,59,39,11,1260元购车礼包,易车,BMW 宝马 3系 线上专享优惠,7510265,购车必看,19,-34.48275862068966
609,49,35,14,1260元购车礼包,易车, 一汽大众 高尔夫 线上专享补贴,7510003,购车必看,19,-29.629629629629626
610,59,19,34,日均399元/天起,START共享有车生活平台,奔驰 2011款 SLK200 时尚型,7503719,限北京、新用户福利,65,54.761904761904766
611,35,15,13,直降510元购车款,易车,宝骏 510线上专享购车补贴,7506613,10点开抢,45,50.0
612,32,17,6,全系减免25%购置税、1260元购车礼包,易车,斯柯达 晶锐 线上专享补贴,7503420,购车必看,20,8.108108108108109
613,28,24,8,1260元购车礼包,易车,BMW 宝马 X1 线上专享优惠,7502962,购车必看,23,-2.127659574468085
614,14,4,1,1260元购车礼包、空气净化器,易车,宝骏 560 线上专享优惠,7501075,10点开抢,38,80.95238095238095
615,255,9,210,2017年第一季度,什么值得买,二手轿车销量排行,7499714,车榜单,97,83.01886792452831
616,84,19,10,最高享25%购置税减免、1260元购车礼、1年额外延保,易车,斯柯达 Yeti 线上专享优惠,7499845,购车必看,35,29.629629629629626
617,46,13,8,一年免费使用权、100元京东卡,易车,宝骏 310W 线上专享优惠,7500501,购车必看,35,45.83333333333333
618,75,32,12,1260元购车礼包,易车,一汽大众 迈腾 线上专享优惠,7495925,购车必看,37,7.246376811594203
619,76,11,11,最高享25%购置税补贴、8000元置换补贴、1260元购车礼包,易车,斯柯达 速派 线上专享优惠,7495080,购车必看,71,73.17073170731707
620,16,50,1,送交强险、1000元油卡、600元油卡、300元京东卡,易车,陆风X2 线上专享购车补贴 ,7490033,购车必看,5,-81.81818181818183
621,39,28,6,1260元购车礼包,易车,一汽大众 新速腾 线上专享优惠,7494588,购车必看,28,0.0
622,34,3,5,直降510元购车款,易车,宝骏 510线上专享购车补贴,7493497,10点开抢,42,86.66666666666667
623,90,15,17,1260元购车礼包,易车,BMW 宝马 3系 线上专享优惠,7492615,购车必看,39,44.44444444444444
624,47,6,4,1260元购车礼包、厂商礼包、50元试驾红包,易车,奇瑞 瑞虎5 线上专享优惠,7491264,购车必看,36,71.42857142857143
625,27,4,28,半价车、50元京东卡、1600元油卡,易车,长安 欧尚 A800 线上专享优惠,7489996,购车必看,43,82.97872340425532
626,79,23,20,1260元购车礼包,易车,一汽大众 高尔夫 线上专享补贴,7487826,购车必看,39,25.806451612903224
627,37,29,15,1260元购车礼,易车,BMW 宝马 X1 线上专享优惠,7487810,购车必看,23,-11.538461538461538
628,44,2,9,1260元购车礼包、50元红包、厂商礼包4件套,易车,奇瑞 艾瑞泽5 线上专享购车补贴,7479236,购车必看,83,95.29411764705881
629,332,31,117,干了这杯叫做情怀的酒,什么值得买,V6自然吸气大法好！,7478748,6月新车值不值,155,66.66666666666666
630,85,9,20,购置税全免、500元油卡、2年0利率,易车,英菲尼迪 Q50L 线上专享优惠,7476321,购车必看,85,80.85106382978722
631,148,98,20,500元保险金、1000元延保金、1500元安全座椅优惠券,易车,上汽大众 途观丝绸之路版 线上专享补贴,7474836,NULL,34,-48.484848484848484
632,585,132,134,5306800元（直降1200元）,走秀网,Ferrari 法拉利 F12 Berlinetta,7472916,高端秀,4016,93.63548698167791
633,416,19,307,22万-36万MPV选购指南,什么值得买,二胎家庭新选择,7471162,购车必看,92,65.76576576576578
634,90,5,25,10000元线下优惠、1260元礼包、千元运动礼包,易车,奇瑞 艾瑞泽5 线上专享购车补贴 ,7474801,NULL,109,91.22807017543859
635,51,9,11,免购置税、500元油卡、2年0利率购车,易车,Infiniti 英菲尼迪 QX50 线上补贴,7467111,限成都、武汉,52,70.49180327868852
636,31,4,11,5000元旅游卡、1000元京东E卡、2年免费保养,易车,LINCOLN 林肯 MKX 中大型豪华SUV线上专享优惠,7466997,购车必看,38,80.95238095238095
637,23,31,8,最高享2000元补贴、1500元安全座椅优惠券、100元滴滴专车券,易车,上汽大众 朗逸、朗逸蓝驱、朗逸运动 线上专享补贴,7464374,购车必看,23,-14.814814814814813
638,37,33,10,1500元安全座椅优惠券、2年0利率金融方案,易车,上汽大众 途昂 中大型SUV 线上专享优惠,7468139,购车必看,21,-22.22222222222222
639,22,5,5,最高享2万元优惠+700元补贴+1260元礼包+千元运动礼包等,易车,CHERY 奇瑞 瑞虎7 线上专享补贴,7468047,购车必看,62,85.07462686567165
640,35,60,7,1500元安全座椅优惠券、100元滴滴专车券、2年0利率,易车,上汽大众 途观L 线上专享补贴,7467835,购车必看,17,-55.84415584415584
641,35,12,5,50元京东E卡、500元京东卡,易车, Ford 福特 福克斯 线上专享优惠,7467270,限地区,16,14.285714285714285
642,26,16,9,500元油卡、36期0利率金融方案,易车,CITROEN 雪铁龙 C4L 线上专享优惠,7460307,购车必看,37,39.62264150943396
643,275,31,66,399900元起,天猫精选,CHEVROLET 2017款 雪佛兰 科迈罗 RS 2.0T,7462351,美式肌肉车,572,89.71807628524047
644,39,16,9,1260元购车礼包、100元滴滴专车券,易车,BMW 宝马 3系 线上专享优惠,7461941,购车必看,28,27.27272727272727
645,428,86,101,2678000元起,天猫精选,Land Rover 路虎 揽胜 尊崇创世加长版 5.0升 V8 SC,7459528,英国王室座驾,2064,92.0
646,47,17,7,1260元购车礼包、100元滴滴专车券,易车,BMW 宝马 i3 线上专享优惠,7458921,购车必看,60,55.84415584415584
647,32,23,9,2000元现金抵扣、1000元京东E卡、1500元安全座椅优惠券,易车,上汽大众 途安L 线上专享优惠,7458248,购车必看,19,-9.523809523809524
648,31,28,6,5000元携程旅游卡、1000元京东E卡、2年免费保养+2年0利率,易车,LINCOLN 林肯 MKC 线上专享优惠,7457846,购车必看,6,-64.70588235294117
649,25,11,5,1260元购车礼包、千元运动礼包、100元滴滴专车券,易车,CHERY 奇瑞 艾瑞泽7 线上专享补贴,7455597,购车必看,33,50.0
650,29,8,4,2000元现金返现、100元京东卡、100元滴滴专车券,易车,驭胜 S330 线上专享补贴,7455556,购车必看,24,50.0
651,57,11,13,10000元线下优惠、1260元礼包、千元运动礼,易车,CHERY 奇瑞 艾瑞泽5 线上专享购车补贴,7454933,购车必看,80,75.82417582417582
652,173,73,43,首付低至5.8万元+100元滴滴专车券,易车,BMW 宝马 X1 线上专享优惠,7453478,购车必看,28,-44.554455445544555
653,86,106,26,500元保险现金、1000元延保现金、1500元安全座椅优惠券、200元AR红包、,易车,上汽大众 途观丝绸之路版 线上专享补贴,7442538,购车必看,34,-51.42857142857142
654,54,8,10,最高享2万元优惠+700元补贴+1260元礼包+千元运动礼包等 ,易车,CHERY 奇瑞 瑞虎7 线上专享补贴,7452938,购车必看,110,86.4406779661017
655,468,89,78,44.99万-66.39万元,什么值得买,国产全新 宝马5系 长轴距版,7450590,新车上市,551,72.1875
656,16,2,3,半价车、2000现金红包,易车,宝骏560 线上专享优惠,7442367,10点开抢,26,85.71428571428571
657,27,7,5,半价车、直降510元,易车,宝骏 510线上专享购车补贴,7442413,10点开抢,28,60.0
