,_id,kind,overall,pid,product,source,屏幕显示,性价比,拍照效果,流畅度,电池与续航
0,59ec6f32b735f761862b64be,Scores,3.6,616067_comment,iPhone 7 Plus,PConline,5.0,2.0,4.0,4.0,3.0
1,59ec6f32b735f761862b64bf,Scores,3.8,616067_comment,iPhone 7 Plus,PConline,5.0,2.0,5.0,4.0,3.0
2,59ec6f32b735f761862b64c0,Scores,4.4,616067_comment,iPhone 7 Plus,PConline,4.0,4.0,5.0,5.0,4.0
3,59ec6f32b735f761862b64c1,Scores,4.2,616067_comment,iPhone 7 Plus,PConline,5.0,4.0,3.0,5.0,4.0
4,59ec6f32b735f761862b64c2,Scores,4.2,616067_comment,iPhone 7 Plus,PConline,5.0,3.0,4.0,5.0,4.0
5,59ec6f32b735f761862b64c3,Scores,3.2,616067_comment,iPhone 7 Plus,PConline,3.0,3.0,4.0,3.0,3.0
6,59ec6f32b735f761862b64c4,Scores,3.6,616067_comment,iPhone 7 Plus,PConline,3.0,4.0,4.0,3.0,4.0
7,59ec6f32b735f761862b64c5,Scores,3.4,616067_comment,iPhone 7 Plus,PConline,3.0,4.0,4.0,3.0,3.0
8,59ec6f32b735f761862b64c6,Scores,4.4,616067_comment,iPhone 7 Plus,PConline,4.0,5.0,4.0,4.0,5.0
9,59ec6f32b735f761862b64c7,Scores,4.4,616067_comment,iPhone 7 Plus,PConline,5.0,4.0,4.0,4.0,5.0
10,59ec6f35b735f761862b64c8,Scores,3.6,616067_comment,iPhone 7 Plus,PConline,3.0,3.0,4.0,4.0,4.0
11,59ec6f35b735f761862b64c9,Scores,3.4,616067_comment,iPhone 7 Plus,PConline,4.0,3.0,3.0,4.0,3.0
12,59ec6f35b735f761862b64ca,Scores,4.0,616067_comment,iPhone 7 Plus,PConline,5.0,4.0,3.0,5.0,3.0
13,59ec6f35b735f761862b64cb,Scores,4.0,616067_comment,iPhone 7 Plus,PConline,4.0,4.0,4.0,4.0,4.0
14,59ec6f35b735f761862b64cc,Scores,4.2,616067_comment,iPhone 7 Plus,PConline,3.0,4.0,5.0,4.0,5.0
15,59ec6f35b735f761862b64cd,Scores,3.4,616067_comment,iPhone 7 Plus,PConline,3.0,4.0,4.0,3.0,3.0
16,59ec6f35b735f761862b64ce,Scores,3.6,616067_comment,iPhone 7 Plus,PConline,3.0,4.0,4.0,4.0,3.0
17,59ec6f35b735f761862b64cf,Scores,3.6,616067_comment,iPhone 7 Plus,PConline,4.0,4.0,4.0,3.0,3.0
18,59ec6f35b735f761862b64d0,Scores,3.2,616067_comment,iPhone 7 Plus,PConline,4.0,1.0,4.0,4.0,3.0
19,59ec6f35b735f761862b64d1,Scores,3.8,616067_comment,iPhone 7 Plus,PConline,4.0,3.0,5.0,5.0,2.0
20,59ec6f36b735f761862b64d2,Scores,4.0,616067_comment,iPhone 7 Plus,PConline,4.0,3.0,4.0,5.0,4.0
21,59ec6f36b735f761862b64d3,Scores,2.0,616067_comment,iPhone 7 Plus,PConline,1.0,2.0,5.0,1.0,1.0
22,59ec6f36b735f761862b64d4,Scores,3.6,616067_comment,iPhone 7 Plus,PConline,4.0,2.0,5.0,3.0,4.0
23,59ec6f36b735f761862b64d5,Scores,3.0,616067_comment,iPhone 7 Plus,PConline,3.0,2.0,3.0,5.0,2.0
24,59ec6f36b735f761862b64d6,Scores,3.0,616067_comment,iPhone 7 Plus,PConline,4.0,1.0,4.0,4.0,2.0
25,59ec6f36b735f761862b64d7,Scores,3.4,616067_comment,iPhone 7 Plus,PConline,3.0,3.0,4.0,3.0,4.0
26,59ec6f36b735f761862b64d8,Scores,4.0,616067_comment,iPhone 7 Plus,PConline,4.0,4.0,4.0,3.0,5.0
27,59ec6f36b735f761862b64d9,Scores,3.2,616067_comment,iPhone 7 Plus,PConline,3.0,3.0,3.0,4.0,3.0
28,59ec6f36b735f761862b64da,Scores,4.0,616067_comment,iPhone 7 Plus,PConline,4.0,3.0,5.0,4.0,4.0
29,59ec6f36b735f761862b64db,Scores,2.6,616067_comment,iPhone 7 Plus,PConline,2.0,1.0,3.0,4.0,3.0
30,59ec6f36b735f761862b64dc,Scores,3.6,616067_comment,iPhone 7 Plus,PConline,4.0,4.0,3.0,4.0,3.0
31,59ec6f36b735f761862b64dd,Scores,4.4,616067_comment,iPhone 7 Plus,PConline,3.0,5.0,4.0,5.0,5.0
32,59ec6f36b735f761862b64de,Scores,3.6,616067_comment,iPhone 7 Plus,PConline,3.0,4.0,3.0,4.0,4.0
33,59ec6f36b735f761862b64df,Scores,4.0,616067_comment,iPhone 7 Plus,PConline,4.0,4.0,4.0,4.0,4.0
34,59ec6f36b735f761862b64e0,Scores,5.0,616067_comment,iPhone 7 Plus,PConline,5.0,5.0,5.0,5.0,5.0
35,59ec6f36b735f761862b64e1,Scores,2.8,616067_comment,iPhone 7 Plus,PConline,2.0,1.0,4.0,4.0,3.0
36,59ec6f36b735f761862b64e2,Scores,4.4,616067_comment,iPhone 7 Plus,PConline,4.0,4.0,4.0,5.0,5.0
37,59ec6f36b735f761862b64e3,Scores,3.0,616067_comment,iPhone 7 Plus,PConline,4.0,2.0,3.0,3.0,3.0
38,59ec6f36b735f761862b64e4,Scores,4.8,616067_comment,iPhone 7 Plus,PConline,5.0,4.0,5.0,5.0,5.0
39,59ec6f36b735f761862b64e5,Scores,3.4,616067_comment,iPhone 7 Plus,PConline,3.0,3.0,4.0,4.0,3.0
40,59ec6f36b735f761862b64e6,Scores,3.6,616067_comment,iPhone 7 Plus,PConline,3.0,5.0,3.0,3.0,4.0
41,59ec6f36b735f761862b64e7,Scores,4.2,616067_comment,iPhone 7 Plus,PConline,5.0,3.0,5.0,4.0,4.0
42,59ec6f36b735f761862b64e8,Scores,3.8,616067_comment,iPhone 7 Plus,PConline,3.0,3.0,4.0,4.0,5.0
43,59ec6f36b735f761862b64e9,Scores,4.6,616067_comment,iPhone 7 Plus,PConline,5.0,5.0,5.0,3.0,5.0
44,59ec6f36b735f761862b64ea,Scores,3.8,616067_comment,iPhone 7 Plus,PConline,4.0,3.0,5.0,3.0,4.0
45,59ec6f36b735f761862b64eb,Scores,4.0,616067_comment,iPhone 7 Plus,PConline,5.0,5.0,4.0,3.0,3.0
46,59ec6f36b735f761862b64ec,Scores,3.8,616067_comment,iPhone 7 Plus,PConline,3.0,4.0,4.0,4.0,4.0
47,59ec6f36b735f761862b64ed,Scores,3.4,616067_comment,iPhone 7 Plus,PConline,3.0,3.0,3.0,4.0,4.0
48,59ec6f36b735f761862b64ee,Scores,4.8,616067_comment,iPhone 7 Plus,PConline,5.0,5.0,4.0,5.0,5.0
49,59ec6f36b735f761862b64ef,Scores,4.0,616067_comment,iPhone 7 Plus,PConline,4.0,5.0,3.0,5.0,3.0
50,59ec6f36b735f761862b64f0,Scores,4.2,616067_comment,iPhone 7 Plus,PConline,4.0,4.0,5.0,3.0,5.0
51,59ec6f36b735f761862b64f1,Scores,3.2,616067_comment,iPhone 7 Plus,PConline,3.0,3.0,3.0,4.0,3.0
52,59ec6f36b735f761862b64f2,Scores,4.0,616067_comment,iPhone 7 Plus,PConline,5.0,4.0,4.0,4.0,3.0
53,59ec6f36b735f761862b64f3,Scores,3.6,616067_comment,iPhone 7 Plus,PConline,4.0,3.0,4.0,3.0,4.0
54,59ec6f36b735f761862b64f4,Scores,3.6,616067_comment,iPhone 7 Plus,PConline,4.0,3.0,4.0,3.0,4.0
55,59ec6f36b735f761862b64f5,Scores,4.4,616067_comment,iPhone 7 Plus,PConline,5.0,5.0,4.0,5.0,3.0
56,59ec6f36b735f761862b64f6,Scores,3.8,616067_comment,iPhone 7 Plus,PConline,5.0,3.0,3.0,4.0,4.0
57,59ec6f36b735f761862b64f7,Scores,3.4,616067_comment,iPhone 7 Plus,PConline,3.0,4.0,4.0,3.0,3.0
58,59ec6f36b735f761862b64f8,Scores,5.0,616067_comment,iPhone 7 Plus,PConline,5.0,5.0,5.0,5.0,5.0
59,59ec6f36b735f761862b64f9,Scores,3.2,616067_comment,iPhone 7 Plus,PConline,4.0,3.0,3.0,3.0,3.0
60,59ec6f36b735f761862b64fa,Scores,3.2,616067_comment,iPhone 7 Plus,PConline,3.0,3.0,3.0,3.0,4.0
61,59ec6f36b735f761862b64fb,Scores,3.6,616067_comment,iPhone 7 Plus,PConline,4.0,3.0,3.0,4.0,4.0
62,59ec6f36b735f761862b64fc,Scores,3.0,616067_comment,iPhone 7 Plus,PConline,3.0,3.0,3.0,3.0,3.0
63,59ec6f36b735f761862b64fd,Scores,4.2,616067_comment,iPhone 7 Plus,PConline,5.0,4.0,5.0,3.0,4.0
64,59ec6f36b735f761862b64fe,Scores,4.6,616067_comment,iPhone 7 Plus,PConline,5.0,5.0,5.0,5.0,3.0
65,59ec6f36b735f761862b64ff,Scores,3.8,616067_comment,iPhone 7 Plus,PConline,5.0,4.0,3.0,4.0,3.0
66,59ec6f36b735f761862b6500,Scores,3.8,616067_comment,iPhone 7 Plus,PConline,3.0,5.0,3.0,4.0,4.0
67,59ec6f36b735f761862b6501,Scores,3.8,616067_comment,iPhone 7 Plus,PConline,4.0,3.0,4.0,4.0,4.0
68,59ec6f36b735f761862b6502,Scores,3.2,616067_comment,iPhone 7 Plus,PConline,3.0,4.0,3.0,3.0,3.0
69,59ec6f36b735f761862b6503,Scores,4.4,616067_comment,iPhone 7 Plus,PConline,4.0,5.0,4.0,4.0,5.0
70,59ec6f37b735f761862b6504,Scores,3.4,616067_comment,iPhone 7 Plus,PConline,3.0,3.0,4.0,4.0,3.0
71,59ec6f37b735f761862b6505,Scores,3.6,616067_comment,iPhone 7 Plus,PConline,3.0,4.0,4.0,3.0,4.0
72,59ec6f37b735f761862b6506,Scores,4.4,616067_comment,iPhone 7 Plus,PConline,5.0,4.0,4.0,5.0,4.0
73,59ec6f37b735f761862b6507,Scores,4.8,616067_comment,iPhone 7 Plus,PConline,5.0,5.0,5.0,5.0,4.0
74,59ec6f37b735f761862b6508,Scores,4.0,616067_comment,iPhone 7 Plus,PConline,4.0,3.0,4.0,4.0,5.0
75,59ec6f37b735f761862b6509,Scores,3.4,616067_comment,iPhone 7 Plus,PConline,4.0,4.0,3.0,3.0,3.0
76,59ec6f37b735f761862b650a,Scores,3.8,616067_comment,iPhone 7 Plus,PConline,4.0,4.0,3.0,3.0,5.0
77,59ec6f37b735f761862b650b,Scores,3.6,616067_comment,iPhone 7 Plus,PConline,4.0,3.0,4.0,3.0,4.0
78,59ec6f37b735f761862b650c,Scores,3.6,616067_comment,iPhone 7 Plus,PConline,5.0,4.0,3.0,3.0,3.0
79,59ec6f37b735f761862b650d,Scores,3.4,616067_comment,iPhone 7 Plus,PConline,4.0,4.0,3.0,3.0,3.0
80,59ec6f37b735f761862b650e,Scores,4.2,616067_comment,iPhone 7 Plus,PConline,4.0,5.0,4.0,4.0,4.0
81,59ec6f37b735f761862b650f,Scores,3.8,616067_comment,iPhone 7 Plus,PConline,4.0,3.0,4.0,4.0,4.0
82,59ec6f37b735f761862b6510,Scores,4.2,616067_comment,iPhone 7 Plus,PConline,5.0,4.0,4.0,3.0,5.0
83,59ec6f37b735f761862b6511,Scores,3.4,616067_comment,iPhone 7 Plus,PConline,3.0,3.0,4.0,3.0,4.0
84,59ec6f37b735f761862b6512,Scores,4.2,616067_comment,iPhone 7 Plus,PConline,4.0,3.0,4.0,5.0,5.0
85,59ec6f37b735f761862b6513,Scores,3.6,616067_comment,iPhone 7 Plus,PConline,4.0,3.0,4.0,4.0,3.0
86,59ec6f37b735f761862b6514,Scores,3.8,616067_comment,iPhone 7 Plus,PConline,3.0,4.0,4.0,4.0,4.0
87,59ec6f37b735f761862b6515,Scores,4.2,616067_comment,iPhone 7 Plus,PConline,3.0,5.0,4.0,4.0,5.0
88,59ec6f37b735f761862b6516,Scores,4.8,616067_comment,iPhone 7 Plus,PConline,4.0,5.0,5.0,5.0,5.0
89,59ec6f37b735f761862b6517,Scores,4.4,616067_comment,iPhone 7 Plus,PConline,5.0,4.0,5.0,3.0,5.0
90,59ec6f37b735f761862b6518,Scores,3.8,616067_comment,iPhone 7 Plus,PConline,4.0,4.0,4.0,3.0,4.0
91,59ec6f37b735f761862b6519,Scores,4.0,616067_comment,iPhone 7 Plus,PConline,4.0,4.0,4.0,5.0,3.0
92,59ec6f37b735f761862b651a,Scores,3.6,616067_comment,iPhone 7 Plus,PConline,3.0,4.0,3.0,4.0,4.0
93,59ec6f37b735f761862b651b,Scores,4.4,616067_comment,iPhone 7 Plus,PConline,4.0,4.0,5.0,5.0,4.0
94,59ec6f37b735f761862b651c,Scores,4.0,616067_comment,iPhone 7 Plus,PConline,3.0,3.0,5.0,5.0,4.0
95,59ec6f37b735f761862b651d,Scores,4.2,616067_comment,iPhone 7 Plus,PConline,5.0,3.0,4.0,4.0,5.0
96,59ec6f37b735f761862b651e,Scores,4.0,616067_comment,iPhone 7 Plus,PConline,4.0,3.0,4.0,4.0,5.0
97,59ec6f37b735f761862b651f,Scores,3.6,616067_comment,iPhone 7 Plus,PConline,4.0,3.0,4.0,3.0,4.0
98,59ec6f37b735f761862b6520,Scores,3.8,616067_comment,iPhone 7 Plus,PConline,3.0,4.0,4.0,4.0,4.0
99,59ec6f37b735f761862b6521,Scores,4.2,616067_comment,iPhone 7 Plus,PConline,4.0,5.0,4.0,3.0,5.0
100,59ec6f38b735f761862b6522,Scores,4.2,616067_comment,iPhone 7 Plus,PConline,5.0,3.0,4.0,5.0,4.0
101,59ec6f38b735f761862b6523,Scores,4.0,616067_comment,iPhone 7 Plus,PConline,5.0,4.0,4.0,3.0,4.0
102,59ec6f38b735f761862b6524,Scores,3.4,616067_comment,iPhone 7 Plus,PConline,3.0,3.0,4.0,3.0,4.0
103,59ec6f38b735f761862b6525,Scores,4.6,616067_comment,iPhone 7 Plus,PConline,5.0,5.0,5.0,4.0,4.0
104,59ec6f38b735f761862b6526,Scores,3.6,616067_comment,iPhone 7 Plus,PConline,3.0,4.0,4.0,3.0,4.0
105,59ec6f38b735f761862b6527,Scores,4.4,616067_comment,iPhone 7 Plus,PConline,4.0,4.0,5.0,5.0,4.0
106,59ec6f38b735f761862b6528,Scores,4.2,616067_comment,iPhone 7 Plus,PConline,3.0,4.0,5.0,5.0,4.0
107,59ec6f38b735f761862b6529,Scores,4.4,616067_comment,iPhone 7 Plus,PConline,5.0,3.0,4.0,5.0,5.0
108,59ec6f38b735f761862b652a,Scores,4.6,616067_comment,iPhone 7 Plus,PConline,4.0,5.0,4.0,5.0,5.0
109,59ec6f38b735f761862b652b,Scores,3.2,616067_comment,iPhone 7 Plus,PConline,3.0,3.0,3.0,4.0,3.0
110,59ec6f38b735f761862b652c,Scores,4.6,616067_comment,iPhone 7 Plus,PConline,4.0,5.0,5.0,5.0,4.0
111,59ec6f38b735f761862b652d,Scores,4.2,616067_comment,iPhone 7 Plus,PConline,3.0,5.0,5.0,4.0,4.0
112,59ec6f38b735f761862b652e,Scores,3.8,616067_comment,iPhone 7 Plus,PConline,3.0,4.0,4.0,4.0,4.0
113,59ec6f38b735f761862b652f,Scores,4.4,616067_comment,iPhone 7 Plus,PConline,5.0,3.0,5.0,5.0,4.0
114,59ec6f38b735f761862b6530,Scores,3.8,616067_comment,iPhone 7 Plus,PConline,4.0,4.0,4.0,3.0,4.0
115,59ec6f38b735f761862b6531,Scores,3.4,616067_comment,iPhone 7 Plus,PConline,4.0,4.0,3.0,3.0,3.0
116,59ec6f38b735f761862b6532,Scores,4.2,616067_comment,iPhone 7 Plus,PConline,5.0,4.0,5.0,3.0,4.0
117,59ec6f38b735f761862b6533,Scores,3.4,616067_comment,iPhone 7 Plus,PConline,3.0,4.0,4.0,3.0,3.0
118,59ec6f38b735f761862b6534,Scores,4.0,616067_comment,iPhone 7 Plus,PConline,3.0,3.0,5.0,4.0,5.0
119,59ec6f38b735f761862b6535,Scores,4.2,616067_comment,iPhone 7 Plus,PConline,4.0,4.0,4.0,5.0,4.0
120,59ec6f38b735f761862b6536,Scores,3.6,616067_comment,iPhone 7 Plus,PConline,4.0,4.0,3.0,3.0,4.0
121,59ec6f38b735f761862b6537,Scores,4.4,616067_comment,iPhone 7 Plus,PConline,4.0,4.0,4.0,5.0,5.0
122,59ec6f38b735f761862b6538,Scores,3.2,616067_comment,iPhone 7 Plus,PConline,3.0,3.0,4.0,3.0,3.0
123,59ec6f38b735f761862b6539,Scores,3.6,616067_comment,iPhone 7 Plus,PConline,3.0,3.0,4.0,5.0,3.0
124,59ec6f38b735f761862b653a,Scores,3.8,616067_comment,iPhone 7 Plus,PConline,4.0,5.0,3.0,3.0,4.0
125,59ec6f38b735f761862b653b,Scores,3.6,616067_comment,iPhone 7 Plus,PConline,3.0,4.0,4.0,3.0,4.0
126,59ec6f38b735f761862b653c,Scores,4.2,616067_comment,iPhone 7 Plus,PConline,5.0,4.0,4.0,4.0,4.0
127,59ec6f38b735f761862b653d,Scores,3.8,616067_comment,iPhone 7 Plus,PConline,4.0,4.0,4.0,4.0,3.0
128,59ec6f38b735f761862b653e,Scores,3.4,616067_comment,iPhone 7 Plus,PConline,4.0,4.0,3.0,3.0,3.0
129,59ec6f38b735f761862b653f,Scores,3.8,616067_comment,iPhone 7 Plus,PConline,3.0,3.0,4.0,4.0,5.0
130,59ec6f38b735f761862b6540,Scores,3.4,616067_comment,iPhone 7 Plus,PConline,4.0,3.0,3.0,4.0,3.0
131,59ec6f38b735f761862b6541,Scores,4.2,616067_comment,iPhone 7 Plus,PConline,3.0,5.0,5.0,4.0,4.0
132,59ec6f38b735f761862b6542,Scores,3.6,616067_comment,iPhone 7 Plus,PConline,4.0,3.0,4.0,4.0,3.0
133,59ec6f38b735f761862b6543,Scores,4.0,616067_comment,iPhone 7 Plus,PConline,3.0,4.0,4.0,5.0,4.0
134,59ec6f38b735f761862b6544,Scores,3.6,616067_comment,iPhone 7 Plus,PConline,3.0,4.0,4.0,4.0,3.0
135,59ec6f38b735f761862b6545,Scores,3.6,616067_comment,iPhone 7 Plus,PConline,4.0,3.0,3.0,4.0,4.0
136,59ec6f38b735f761862b6546,Scores,4.4,616067_comment,iPhone 7 Plus,PConline,5.0,3.0,5.0,4.0,5.0
137,59ec6f38b735f761862b6547,Scores,3.6,616067_comment,iPhone 7 Plus,PConline,3.0,5.0,3.0,4.0,3.0
138,59ec6f38b735f761862b6548,Scores,3.4,616067_comment,iPhone 7 Plus,PConline,4.0,3.0,3.0,4.0,3.0
139,59ec6f38b735f761862b6549,Scores,3.8,616067_comment,iPhone 7 Plus,PConline,4.0,3.0,4.0,4.0,4.0
140,59ec6f39b735f761862b654a,Scores,3.6,616067_comment,iPhone 7 Plus,PConline,4.0,3.0,3.0,3.0,5.0
141,59ec6f39b735f761862b654b,Scores,4.2,616067_comment,iPhone 7 Plus,PConline,5.0,4.0,4.0,4.0,4.0
142,59ec6f39b735f761862b654c,Scores,3.4,616067_comment,iPhone 7 Plus,PConline,3.0,4.0,3.0,3.0,4.0
143,59ec6f39b735f761862b654d,Scores,3.4,616067_comment,iPhone 7 Plus,PConline,3.0,3.0,3.0,4.0,4.0
144,59ec6f39b735f761862b654e,Scores,3.4,616067_comment,iPhone 7 Plus,PConline,3.0,3.0,4.0,4.0,3.0
145,59ec6f39b735f761862b654f,Scores,3.8,616067_comment,iPhone 7 Plus,PConline,4.0,5.0,3.0,3.0,4.0
146,59ec6f39b735f761862b6550,Scores,3.6,616067_comment,iPhone 7 Plus,PConline,3.0,4.0,4.0,4.0,3.0
147,59ec6f39b735f761862b6551,Scores,3.8,616067_comment,iPhone 7 Plus,PConline,3.0,4.0,5.0,3.0,4.0
148,59ec6f39b735f761862b6552,Scores,4.2,616067_comment,iPhone 7 Plus,PConline,4.0,4.0,4.0,5.0,4.0
149,59ec6f39b735f761862b6553,Scores,4.0,616067_comment,iPhone 7 Plus,PConline,5.0,5.0,3.0,4.0,3.0
150,59ec6f39b735f761862b6554,Scores,3.6,616067_comment,iPhone 7 Plus,PConline,4.0,3.0,3.0,4.0,4.0
151,59ec6f39b735f761862b6555,Scores,4.0,616067_comment,iPhone 7 Plus,PConline,3.0,5.0,4.0,3.0,5.0
152,59ec6f39b735f761862b6556,Scores,4.2,616067_comment,iPhone 7 Plus,PConline,4.0,4.0,4.0,4.0,5.0
153,59ec6f39b735f761862b6557,Scores,3.6,616067_comment,iPhone 7 Plus,PConline,3.0,4.0,4.0,3.0,4.0
154,59ec6f39b735f761862b6558,Scores,3.2,616067_comment,iPhone 7 Plus,PConline,3.0,3.0,3.0,3.0,4.0
155,59ec6f39b735f761862b6559,Scores,4.0,616067_comment,iPhone 7 Plus,PConline,4.0,5.0,4.0,4.0,3.0
156,59ec6f39b735f761862b655a,Scores,4.0,616067_comment,iPhone 7 Plus,PConline,5.0,4.0,4.0,4.0,3.0
157,59ec6f39b735f761862b655b,Scores,3.6,616067_comment,iPhone 7 Plus,PConline,3.0,3.0,4.0,4.0,4.0
158,59ec6f39b735f761862b655c,Scores,4.0,616067_comment,iPhone 7 Plus,PConline,4.0,3.0,5.0,4.0,4.0
159,59ec6f39b735f761862b655d,Scores,3.8,616067_comment,iPhone 7 Plus,PConline,4.0,3.0,4.0,4.0,4.0
160,59ec6f39b735f761862b655e,Scores,3.4,616067_comment,iPhone 7 Plus,PConline,3.0,3.0,3.0,3.0,5.0
161,59ec6f39b735f761862b655f,Scores,4.2,616067_comment,iPhone 7 Plus,PConline,5.0,4.0,4.0,3.0,5.0
162,59ec6f39b735f761862b6560,Scores,4.0,616067_comment,iPhone 7 Plus,PConline,4.0,4.0,3.0,4.0,5.0
163,59ec6f39b735f761862b6561,Scores,4.4,616067_comment,iPhone 7 Plus,PConline,5.0,3.0,5.0,5.0,4.0
164,59ec6f39b735f761862b6562,Scores,4.4,616067_comment,iPhone 7 Plus,PConline,4.0,5.0,4.0,5.0,4.0
165,59ec6f39b735f761862b6563,Scores,3.8,616067_comment,iPhone 7 Plus,PConline,3.0,4.0,4.0,4.0,4.0
166,59ec6f39b735f761862b6564,Scores,3.8,616067_comment,iPhone 7 Plus,PConline,4.0,3.0,3.0,4.0,5.0
167,59ec6f39b735f761862b6565,Scores,3.6,616067_comment,iPhone 7 Plus,PConline,4.0,4.0,3.0,4.0,3.0
168,59ec6f39b735f761862b6566,Scores,3.2,616067_comment,iPhone 7 Plus,PConline,3.0,3.0,4.0,3.0,3.0
169,59ec6f39b735f761862b6567,Scores,3.2,616067_comment,iPhone 7 Plus,PConline,3.0,3.0,3.0,3.0,4.0
170,59ec6f3ab735f761862b6568,Scores,3.0,616067_comment,iPhone 7 Plus,PConline,3.0,3.0,3.0,3.0,3.0
171,59ec6f3ab735f761862b6569,Scores,3.8,616067_comment,iPhone 7 Plus,PConline,4.0,4.0,4.0,3.0,4.0
172,59ec6f3ab735f761862b656a,Scores,3.6,616067_comment,iPhone 7 Plus,PConline,3.0,4.0,3.0,4.0,4.0
173,59ec6f3ab735f761862b656b,Scores,4.2,616067_comment,iPhone 7 Plus,PConline,3.0,4.0,4.0,5.0,5.0
174,59ec6f3ab735f761862b656c,Scores,3.6,616067_comment,iPhone 7 Plus,PConline,4.0,4.0,3.0,4.0,3.0
175,59ec6f3ab735f761862b656d,Scores,3.4,616067_comment,iPhone 7 Plus,PConline,3.0,3.0,3.0,4.0,4.0
176,59ec6f3ab735f761862b656e,Scores,3.6,616067_comment,iPhone 7 Plus,PConline,3.0,3.0,3.0,4.0,5.0
177,59ec6f3ab735f761862b656f,Scores,4.0,616067_comment,iPhone 7 Plus,PConline,4.0,4.0,4.0,4.0,4.0
178,59ec6f3ab735f761862b6570,Scores,3.8,616067_comment,iPhone 7 Plus,PConline,5.0,4.0,3.0,3.0,4.0
179,59ec6f3ab735f761862b6571,Scores,4.6,616067_comment,iPhone 7 Plus,PConline,5.0,5.0,4.0,5.0,4.0
180,59ec6f3ab735f761862b6572,Scores,4.0,616067_comment,iPhone 7 Plus,PConline,4.0,4.0,4.0,4.0,4.0
181,59ec6f3ab735f761862b6573,Scores,3.8,616067_comment,iPhone 7 Plus,PConline,4.0,4.0,3.0,4.0,4.0
182,59ec6f3ab735f761862b6574,Scores,4.2,616067_comment,iPhone 7 Plus,PConline,4.0,5.0,4.0,3.0,5.0
183,59ec6f3ab735f761862b6575,Scores,3.8,616067_comment,iPhone 7 Plus,PConline,3.0,3.0,4.0,5.0,4.0
184,59ec6f3ab735f761862b6576,Scores,4.0,616067_comment,iPhone 7 Plus,PConline,3.0,3.0,5.0,4.0,5.0
185,59ec6f3ab735f761862b6577,Scores,4.0,616067_comment,iPhone 7 Plus,PConline,4.0,5.0,3.0,4.0,4.0
186,59ec6f3ab735f761862b6578,Scores,3.8,616067_comment,iPhone 7 Plus,PConline,4.0,4.0,4.0,4.0,3.0
187,59ec6f3ab735f761862b6579,Scores,3.4,616067_comment,iPhone 7 Plus,PConline,3.0,4.0,3.0,4.0,3.0
188,59ec6f3ab735f761862b657a,Scores,4.2,616067_comment,iPhone 7 Plus,PConline,4.0,4.0,5.0,5.0,3.0
189,59ec6f3ab735f761862b657b,Scores,3.6,616067_comment,iPhone 7 Plus,PConline,4.0,4.0,3.0,3.0,4.0
190,59ec6f3ab735f761862b657c,Scores,4.4,616067_comment,iPhone 7 Plus,PConline,5.0,4.0,5.0,4.0,4.0
191,59ec6f3ab735f761862b657d,Scores,3.8,616067_comment,iPhone 7 Plus,PConline,4.0,4.0,3.0,4.0,4.0
192,59ec6f3ab735f761862b657e,Scores,4.0,616067_comment,iPhone 7 Plus,PConline,4.0,4.0,3.0,5.0,4.0
193,59ec6f3ab735f761862b657f,Scores,4.2,616067_comment,iPhone 7 Plus,PConline,3.0,5.0,4.0,4.0,5.0
194,59ec6f3ab735f761862b6580,Scores,4.4,616067_comment,iPhone 7 Plus,PConline,5.0,4.0,4.0,4.0,5.0
195,59ec6f3ab735f761862b6581,Scores,4.2,616067_comment,iPhone 7 Plus,PConline,3.0,5.0,4.0,5.0,4.0
196,59ec6f3ab735f761862b6582,Scores,4.2,616067_comment,iPhone 7 Plus,PConline,5.0,3.0,4.0,4.0,5.0
197,59ec6f3ab735f761862b6583,Scores,4.2,616067_comment,iPhone 7 Plus,PConline,3.0,5.0,4.0,4.0,5.0
198,59ec6f3ab735f761862b6584,Scores,4.2,616067_comment,iPhone 7 Plus,PConline,4.0,4.0,4.0,4.0,5.0
199,59ec6f3ab735f761862b6585,Scores,3.6,616067_comment,iPhone 7 Plus,PConline,4.0,4.0,3.0,3.0,4.0
200,59ec6f3bb735f761862b6586,Scores,3.8,616067_comment,iPhone 7 Plus,PConline,3.0,4.0,5.0,4.0,3.0
201,59ec6f3bb735f761862b6587,Scores,3.6,616067_comment,iPhone 7 Plus,PConline,3.0,4.0,4.0,4.0,3.0
202,59ec6f3bb735f761862b6588,Scores,1.6,616067_comment,iPhone 7 Plus,PConline,1.0,2.0,2.0,2.0,1.0
203,59ec6f3bb735f761862b6589,Scores,4.6,616067_comment,iPhone 7 Plus,PConline,5.0,4.0,5.0,5.0,4.0
204,59ec6f3bb735f761862b658a,Scores,3.8,616067_comment,iPhone 7 Plus,PConline,4.0,4.0,4.0,4.0,3.0
205,59ec6f3bb735f761862b658b,Scores,1.4,616067_comment,iPhone 7 Plus,PConline,2.0,1.0,1.0,2.0,1.0
206,59ec6f3bb735f761862b658c,Scores,2.8,616067_comment,iPhone 7 Plus,PConline,3.0,1.0,3.0,5.0,2.0
207,59ec6f3bb735f761862b658d,Scores,2.6,616067_comment,iPhone 7 Plus,PConline,2.0,1.0,5.0,3.0,2.0
208,59ec6f3bb735f761862b658e,Scores,4.2,616067_comment,iPhone 7 Plus,PConline,4.0,4.0,5.0,5.0,3.0
209,59ec6f3bb735f761862b658f,Scores,4.0,616067_comment,iPhone 7 Plus,PConline,5.0,3.0,4.0,5.0,3.0
210,59ec6f3bb735f761862b6590,Scores,4.6,616067_comment,iPhone 7 Plus,PConline,5.0,4.0,5.0,5.0,4.0
211,59ec6f3bb735f761862b6591,Scores,4.8,616067_comment,iPhone 7 Plus,PConline,5.0,4.0,5.0,5.0,5.0
212,59ec6f3bb735f761862b6592,Scores,4.2,616067_comment,iPhone 7 Plus,PConline,5.0,3.0,4.0,5.0,4.0
213,59ec6f3bb735f761862b6593,Scores,4.4,616067_comment,iPhone 7 Plus,PConline,4.0,4.0,4.0,5.0,5.0
214,59ec6f3bb735f761862b6594,Scores,4.0,616067_comment,iPhone 7 Plus,PConline,4.0,2.0,5.0,5.0,4.0
215,59ec6f3bb735f761862b6595,Scores,4.4,616067_comment,iPhone 7 Plus,PConline,4.0,4.0,5.0,5.0,4.0
216,59ec6f3bb735f761862b6596,Scores,5.0,616067_comment,iPhone 7 Plus,PConline,5.0,5.0,5.0,5.0,5.0
217,59ec7697b735f761862b6597,Scores,4.0,637114_comment,P10,PConline,4.0,4.0,4.0,4.0,4.0
218,59ec7697b735f761862b6598,Scores,4.0,637114_comment,P10,PConline,4.0,3.0,5.0,4.0,4.0
219,59ec7697b735f761862b6599,Scores,3.0,637114_comment,P10,PConline,3.0,3.0,3.0,3.0,3.0
220,59ec7697b735f761862b659a,Scores,3.4,637114_comment,P10,PConline,4.0,3.0,3.0,4.0,3.0
221,59ec7697b735f761862b659b,Scores,3.4,637114_comment,P10,PConline,2.0,3.0,4.0,5.0,3.0
222,59ec7697b735f761862b659c,Scores,3.0,637114_comment,P10,PConline,3.0,3.0,3.0,3.0,3.0
223,59ec7697b735f761862b659d,Scores,4.6,637114_comment,P10,PConline,5.0,4.0,5.0,5.0,4.0
224,59ec7697b735f761862b659e,Scores,2.0,637114_comment,P10,PConline,1.0,1.0,3.0,2.0,3.0
225,59ec7697b735f761862b659f,Scores,5.0,637114_comment,P10,PConline,5.0,5.0,5.0,5.0,5.0
226,59ec7697b735f761862b65a0,Scores,4.4,637114_comment,P10,PConline,5.0,4.0,4.0,5.0,4.0
227,59ec7698b735f761862b65a1,Scores,3.4,637114_comment,P10,PConline,2.0,3.0,4.0,5.0,3.0
228,59ec7698b735f761862b65a2,Scores,4.2,637114_comment,P10,PConline,4.0,4.0,4.0,5.0,4.0
229,59ec7698b735f761862b65a3,Scores,3.8,637114_comment,P10,PConline,4.0,3.0,5.0,3.0,4.0
230,59ec7698b735f761862b65a4,Scores,1.2,637114_comment,P10,PConline,1.0,1.0,1.0,1.0,2.0
231,59ec7698b735f761862b65a5,Scores,3.4,637114_comment,P10,PConline,4.0,5.0,4.0,2.0,2.0
232,59ec7698b735f761862b65a6,Scores,2.0,637114_comment,P10,PConline,2.0,2.0,2.0,2.0,2.0
233,59ec7698b735f761862b65a7,Scores,3.6,637114_comment,P10,PConline,3.0,3.0,4.0,4.0,4.0
234,59ec7698b735f761862b65a8,Scores,4.0,637114_comment,P10,PConline,4.0,4.0,4.0,4.0,4.0
235,59ec7698b735f761862b65a9,Scores,3.8,637114_comment,P10,PConline,4.0,5.0,3.0,4.0,3.0
236,59ec7698b735f761862b65aa,Scores,3.6,637114_comment,P10,PConline,4.0,3.0,4.0,4.0,3.0
237,59ec7698b735f761862b65ab,Scores,3.0,637114_comment,P10,PConline,3.0,2.0,4.0,3.0,3.0
238,59ec7698b735f761862b65ac,Scores,4.8,637114_comment,P10,PConline,5.0,5.0,5.0,5.0,4.0
239,59ec7698b735f761862b65ad,Scores,3.4,637114_comment,P10,PConline,4.0,5.0,4.0,2.0,2.0
240,59ec7698b735f761862b65ae,Scores,2.4,637114_comment,P10,PConline,3.0,3.0,2.0,2.0,2.0
241,59ec7698b735f761862b65af,Scores,3.6,637114_comment,P10,PConline,4.0,2.0,4.0,4.0,4.0
242,59ec7698b735f761862b65b0,Scores,4.2,637114_comment,P10,PConline,5.0,4.0,4.0,5.0,3.0
243,59ec7698b735f761862b65b1,Scores,4.0,637114_comment,P10,PConline,4.0,4.0,4.0,4.0,4.0
244,59ec7698b735f761862b65b2,Scores,3.6,637114_comment,P10,PConline,5.0,4.0,3.0,3.0,3.0
245,59ec7698b735f761862b65b3,Scores,3.2,637114_comment,P10,PConline,4.0,3.0,4.0,2.0,3.0
246,59ec7698b735f761862b65b4,Scores,1.0,637114_comment,P10,PConline,1.0,1.0,1.0,1.0,1.0
247,59ec7698b735f761862b65b5,Scores,4.6,637114_comment,P10,PConline,5.0,5.0,5.0,4.0,4.0
248,59ec7698b735f761862b65b6,Scores,3.2,637114_comment,P10,PConline,4.0,4.0,3.0,3.0,2.0
249,59ec7698b735f761862b65b7,Scores,4.0,637114_comment,P10,PConline,4.0,4.0,4.0,4.0,4.0
250,59ec7698b735f761862b65b8,Scores,3.2,637114_comment,P10,PConline,2.0,5.0,3.0,3.0,3.0
251,59ec7698b735f761862b65b9,Scores,4.2,637114_comment,P10,PConline,5.0,5.0,4.0,3.0,4.0
252,59ec7698b735f761862b65ba,Scores,3.4,637114_comment,P10,PConline,4.0,3.0,4.0,3.0,3.0
253,59ec7698b735f761862b65bb,Scores,2.6,637114_comment,P10,PConline,2.0,4.0,2.0,2.0,3.0
254,59ec7698b735f761862b65bc,Scores,4.0,637114_comment,P10,PConline,4.0,3.0,5.0,4.0,4.0
255,59ec7698b735f761862b65bd,Scores,4.2,637114_comment,P10,PConline,5.0,5.0,4.0,3.0,4.0
256,59ec7698b735f761862b65be,Scores,3.8,637114_comment,P10,PConline,4.0,4.0,4.0,4.0,3.0
257,59ec7699b735f761862b65bf,Scores,4.0,637114_comment,P10,PConline,4.0,4.0,4.0,4.0,4.0
258,59ec7699b735f761862b65c0,Scores,3.4,637114_comment,P10,PConline,3.0,4.0,3.0,3.0,4.0
259,59ec7699b735f761862b65c1,Scores,4.0,637114_comment,P10,PConline,4.0,4.0,4.0,4.0,4.0
260,59ec7699b735f761862b65c2,Scores,3.4,637114_comment,P10,PConline,5.0,4.0,2.0,3.0,3.0
261,59ec7699b735f761862b65c3,Scores,2.6,637114_comment,P10,PConline,2.0,4.0,3.0,2.0,2.0
262,59ec7699b735f761862b65c4,Scores,3.4,637114_comment,P10,PConline,5.0,4.0,2.0,3.0,3.0
263,59ec7699b735f761862b65c5,Scores,2.6,637114_comment,P10,PConline,2.0,3.0,4.0,2.0,2.0
264,59ec7699b735f761862b65c6,Scores,3.6,637114_comment,P10,PConline,4.0,4.0,3.0,4.0,3.0
265,59ec7699b735f761862b65c7,Scores,4.4,637114_comment,P10,PConline,5.0,4.0,5.0,4.0,4.0
266,59ec7699b735f761862b65c8,Scores,2.4,637114_comment,P10,PConline,3.0,3.0,2.0,2.0,2.0
267,59ec7699b735f761862b65c9,Scores,3.6,637114_comment,P10,PConline,4.0,3.0,4.0,4.0,3.0
268,59ec7699b735f761862b65ca,Scores,4.8,637114_comment,P10,PConline,5.0,5.0,5.0,5.0,4.0
269,59ec7699b735f761862b65cb,Scores,2.4,637114_comment,P10,PConline,3.0,3.0,2.0,2.0,2.0
270,59ec7699b735f761862b65cc,Scores,3.2,637114_comment,P10,PConline,3.0,2.0,4.0,4.0,3.0
271,59ec7699b735f761862b65cd,Scores,3.2,637114_comment,P10,PConline,2.0,5.0,3.0,3.0,3.0
272,59ec7699b735f761862b65ce,Scores,2.4,637114_comment,P10,PConline,3.0,3.0,2.0,2.0,2.0
273,59ec7699b735f761862b65cf,Scores,3.6,637114_comment,P10,PConline,3.0,4.0,3.0,4.0,4.0
274,59ec7699b735f761862b65d0,Scores,3.4,637114_comment,P10,PConline,3.0,4.0,4.0,4.0,2.0
275,59ec7699b735f761862b65d1,Scores,3.2,637114_comment,P10,PConline,2.0,5.0,3.0,3.0,3.0
276,59ec7699b735f761862b65d2,Scores,4.2,637114_comment,P10,PConline,4.0,4.0,5.0,4.0,4.0
277,59ec7699b735f761862b65d3,Scores,3.4,637114_comment,P10,PConline,5.0,3.0,2.0,3.0,4.0
278,59ec7699b735f761862b65d4,Scores,3.6,637114_comment,P10,PConline,5.0,4.0,3.0,3.0,3.0
279,59ec7699b735f761862b65d5,Scores,3.4,637114_comment,P10,PConline,5.0,4.0,2.0,3.0,3.0
280,59ec7699b735f761862b65d6,Scores,3.2,637114_comment,P10,PConline,4.0,3.0,4.0,2.0,3.0
281,59ec7699b735f761862b65d7,Scores,3.2,637114_comment,P10,PConline,2.0,5.0,3.0,3.0,3.0
282,59ec7699b735f761862b65d8,Scores,2.6,637114_comment,P10,PConline,2.0,4.0,3.0,2.0,2.0
283,59ec7699b735f761862b65d9,Scores,3.4,637114_comment,P10,PConline,4.0,3.0,4.0,3.0,3.0
284,59ec7699b735f761862b65da,Scores,2.4,637114_comment,P10,PConline,3.0,3.0,2.0,2.0,2.0
285,59ec7699b735f761862b65db,Scores,3.2,637114_comment,P10,PConline,3.0,5.0,3.0,3.0,2.0
286,59ec7699b735f761862b65dc,Scores,3.2,637114_comment,P10,PConline,2.0,3.0,4.0,4.0,3.0
287,59ec7699b735f761862b65dd,Scores,2.4,637114_comment,P10,PConline,3.0,3.0,2.0,2.0,2.0
288,59ec7699b735f761862b65de,Scores,2.4,637114_comment,P10,PConline,3.0,3.0,2.0,2.0,2.0
289,59ec7699b735f761862b65df,Scores,3.2,637114_comment,P10,PConline,2.0,5.0,3.0,3.0,3.0
290,59ec7699b735f761862b65e0,Scores,3.4,637114_comment,P10,PConline,4.0,5.0,4.0,2.0,2.0
291,59ec7699b735f761862b65e1,Scores,3.4,637114_comment,P10,PConline,5.0,4.0,2.0,3.0,3.0
292,59ec7699b735f761862b65e2,Scores,3.4,637114_comment,P10,PConline,5.0,4.0,2.0,3.0,3.0
293,59ec7699b735f761862b65e3,Scores,3.4,637114_comment,P10,PConline,5.0,3.0,2.0,3.0,4.0
294,59ec7699b735f761862b65e4,Scores,3.2,637114_comment,P10,PConline,2.0,5.0,3.0,3.0,3.0
295,59ec7699b735f761862b65e5,Scores,3.6,637114_comment,P10,PConline,5.0,4.0,3.0,3.0,3.0
296,59ec7699b735f761862b65e6,Scores,3.2,637114_comment,P10,PConline,4.0,3.0,4.0,2.0,3.0
297,59ec769ab735f761862b65e7,Scores,3.6,637114_comment,P10,PConline,5.0,4.0,3.0,3.0,3.0
298,59ec769ab735f761862b65e8,Scores,4.2,637114_comment,P10,PConline,5.0,5.0,4.0,3.0,4.0
299,59ec769ab735f761862b65e9,Scores,3.4,637114_comment,P10,PConline,3.0,4.0,4.0,4.0,2.0
300,59ec769ab735f761862b65ea,Scores,3.6,637114_comment,P10,PConline,3.0,3.0,4.0,4.0,4.0
301,59ec769ab735f761862b65eb,Scores,3.4,637114_comment,P10,PConline,4.0,5.0,4.0,2.0,2.0
302,59ec769ab735f761862b65ec,Scores,3.4,637114_comment,P10,PConline,3.0,4.0,4.0,4.0,2.0
303,59ec769ab735f761862b65ed,Scores,3.4,637114_comment,P10,PConline,3.0,4.0,4.0,4.0,2.0
304,59ec769ab735f761862b65ee,Scores,3.4,637114_comment,P10,PConline,3.0,4.0,4.0,4.0,2.0
305,59ec769ab735f761862b65ef,Scores,3.6,637114_comment,P10,PConline,3.0,5.0,3.0,3.0,4.0
306,59ec769ab735f761862b65f0,Scores,3.6,637114_comment,P10,PConline,4.0,4.0,3.0,4.0,3.0
307,59ec769ab735f761862b65f1,Scores,3.0,637114_comment,P10,PConline,3.0,4.0,4.0,2.0,2.0
308,59ec769ab735f761862b65f2,Scores,3.2,637114_comment,P10,PConline,3.0,5.0,3.0,3.0,2.0
309,59ec769ab735f761862b65f3,Scores,3.4,637114_comment,P10,PConline,4.0,5.0,4.0,2.0,2.0
310,59ec769ab735f761862b65f4,Scores,3.4,637114_comment,P10,PConline,4.0,3.0,4.0,3.0,3.0
311,59ec769ab735f761862b65f5,Scores,3.6,637114_comment,P10,PConline,3.0,3.0,4.0,4.0,4.0
312,59ec769ab735f761862b65f6,Scores,3.6,637114_comment,P10,PConline,5.0,4.0,3.0,3.0,3.0
313,59ec7775b735f761862b65f7,Scores,3.8,643289_comment,S8,PConline,3.0,4.0,4.0,4.0,4.0
314,59ec7775b735f761862b65f8,Scores,4.0,643289_comment,S8,PConline,4.0,4.0,4.0,4.0,4.0
315,59ec7775b735f761862b65f9,Scores,4.0,643289_comment,S8,PConline,4.0,4.0,3.0,4.0,5.0
316,59ec7775b735f761862b65fa,Scores,4.2,643289_comment,S8,PConline,4.0,5.0,5.0,3.0,4.0
317,59ec7775b735f761862b65fb,Scores,4.0,643289_comment,S8,PConline,5.0,4.0,5.0,3.0,3.0
318,59ec7775b735f761862b65fc,Scores,3.2,643289_comment,S8,PConline,4.0,1.0,4.0,4.0,3.0
319,59ec7775b735f761862b65fd,Scores,4.2,643289_comment,S8,PConline,4.0,4.0,4.0,4.0,5.0
320,59ec7775b735f761862b65fe,Scores,4.2,643289_comment,S8,PConline,5.0,4.0,5.0,4.0,3.0
321,59ec7775b735f761862b65ff,Scores,3.4,643289_comment,S8,PConline,4.0,5.0,4.0,2.0,2.0
322,59ec7775b735f761862b6600,Scores,3.6,643289_comment,S8,PConline,5.0,4.0,3.0,3.0,3.0
323,59ec7776b735f761862b6601,Scores,4.2,643289_comment,S8,PConline,5.0,5.0,4.0,3.0,4.0
324,59ec7776b735f761862b6602,Scores,4.2,643289_comment,S8,PConline,5.0,5.0,4.0,3.0,4.0
325,59ec7776b735f761862b6603,Scores,4.4,643289_comment,S8,PConline,5.0,4.0,5.0,4.0,4.0
326,59ec7776b735f761862b6604,Scores,5.0,643289_comment,S8,PConline,5.0,5.0,5.0,5.0,5.0
327,59ec7776b735f761862b6605,Scores,1.0,643289_comment,S8,PConline,1.0,1.0,1.0,1.0,1.0
328,59ec7776b735f761862b6606,Scores,4.2,643289_comment,S8,PConline,5.0,5.0,4.0,3.0,4.0
329,59ec7776b735f761862b6607,Scores,2.4,643289_comment,S8,PConline,3.0,3.0,2.0,2.0,2.0
330,59ec7776b735f761862b6608,Scores,3.6,643289_comment,S8,PConline,5.0,4.0,3.0,3.0,3.0
331,59ec7776b735f761862b6609,Scores,2.4,643289_comment,S8,PConline,3.0,3.0,2.0,2.0,2.0
332,59ec7776b735f761862b660a,Scores,3.2,643289_comment,S8,PConline,2.0,5.0,3.0,3.0,3.0
333,59ec7776b735f761862b660b,Scores,3.4,643289_comment,S8,PConline,5.0,4.0,2.0,3.0,3.0
334,59ec7776b735f761862b660c,Scores,2.6,643289_comment,S8,PConline,2.0,4.0,3.0,2.0,2.0
335,59ec7776b735f761862b660d,Scores,2.6,643289_comment,S8,PConline,2.0,4.0,3.0,2.0,2.0
336,59ec7776b735f761862b660e,Scores,3.4,643289_comment,S8,PConline,3.0,4.0,4.0,4.0,2.0
337,59ec7776b735f761862b660f,Scores,3.6,643289_comment,S8,PConline,5.0,4.0,3.0,3.0,3.0
338,59ec7776b735f761862b6610,Scores,3.2,643289_comment,S8,PConline,2.0,5.0,3.0,3.0,3.0
339,59ec7776b735f761862b6611,Scores,3.2,643289_comment,S8,PConline,2.0,3.0,4.0,4.0,3.0
340,59ec7776b735f761862b6612,Scores,3.6,643289_comment,S8,PConline,5.0,4.0,3.0,3.0,3.0
341,59ec7776b735f761862b6613,Scores,3.4,643289_comment,S8,PConline,4.0,5.0,4.0,2.0,2.0
342,59ec7776b735f761862b6614,Scores,3.4,643289_comment,S8,PConline,5.0,4.0,2.0,3.0,3.0
343,59ec7776b735f761862b6615,Scores,3.2,643289_comment,S8,PConline,4.0,3.0,4.0,2.0,3.0
344,59ec7776b735f761862b6616,Scores,3.2,643289_comment,S8,PConline,4.0,4.0,3.0,3.0,2.0
345,59ec7776b735f761862b6617,Scores,3.2,643289_comment,S8,PConline,2.0,5.0,3.0,3.0,3.0
346,59ec7776b735f761862b6618,Scores,3.4,643289_comment,S8,PConline,3.0,4.0,4.0,4.0,2.0
347,59ec7776b735f761862b6619,Scores,3.4,643289_comment,S8,PConline,5.0,4.0,2.0,3.0,3.0
348,59ec7776b735f761862b661a,Scores,3.4,643289_comment,S8,PConline,4.0,3.0,4.0,3.0,3.0
349,59ec7776b735f761862b661b,Scores,3.2,643289_comment,S8,PConline,4.0,3.0,4.0,2.0,3.0
350,59ec7776b735f761862b661c,Scores,2.4,643289_comment,S8,PConline,3.0,3.0,2.0,2.0,2.0
351,59ec7776b735f761862b661d,Scores,4.6,643289_comment,S8,PConline,5.0,5.0,5.0,4.0,4.0
352,59ec7776b735f761862b661e,Scores,4.4,643289_comment,S8,PConline,5.0,3.0,5.0,5.0,4.0
353,59ec7777b735f761862b661f,Scores,4.0,643289_comment,S8,PConline,5.0,4.0,4.0,4.0,3.0
354,59ec7777b735f761862b6620,Scores,4.0,643289_comment,S8,PConline,5.0,4.0,5.0,3.0,3.0
355,59ec7777b735f761862b6621,Scores,3.8,643289_comment,S8,PConline,4.0,4.0,4.0,3.0,4.0
356,59ec7777b735f761862b6622,Scores,3.8,643289_comment,S8,PConline,4.0,4.0,4.0,4.0,3.0
357,59ec7777b735f761862b6623,Scores,4.4,643289_comment,S8,PConline,5.0,4.0,5.0,4.0,4.0
358,59ec7777b735f761862b6624,Scores,4.2,643289_comment,S8,PConline,5.0,4.0,5.0,4.0,3.0
359,59ec7777b735f761862b6625,Scores,4.2,643289_comment,S8,PConline,5.0,4.0,5.0,4.0,3.0
360,59ec7777b735f761862b6626,Scores,4.0,643289_comment,S8,PConline,5.0,4.0,4.0,4.0,3.0
